selection_id,selection_group,pair_id,source_file,source_row,instance_id,repository,model_name,target,exit_status,issue_title,message_count,ai_turns,valid_cycles,length_band,complete_cycle_ratio,mean_thought_chars,action_categories,patch_chars,eval_log_chars,quality_score,selection_reason
CASE-0001,paired,P01,train-00011-of-00012.jsonl,3144,nipy__nipype-3325,nipy__nipype,swe-agent-llama-405b,True,submitted (exit_context),"fsl randomise f_only flag contains typo, can't work",85,42,40,40+,0.952381,269.75,edit|inspect|other|run|test,1055,1951,96.993,matched success/failure trajectory for the same task and model
CASE-0002,paired,P01,train-00011-of-00012.jsonl,3179,nipy__nipype-3325,nipy__nipype,swe-agent-llama-405b,False,submitted (exit_context),"fsl randomise f_only flag contains typo, can't work",167,83,82,40+,0.987952,315.68,edit|inspect|other|run,867,1839,90.839,matched success/failure trajectory for the same task and model
CASE-0003,paired,P02,train-00000-of-00012.jsonl,962,ppizarror__pygame-menu-357,ppizarror__pygame-menu,swe-agent-llama-405b,True,submitted,RangeSlider assertion error when modifying minimum range value,45,22,21,20-39,0.954545,285.48,edit|inspect|other|run|test,1058,3609,87.975,matched success/failure trajectory for the same task and model
CASE-0004,paired,P02,train-00000-of-00012.jsonl,928,ppizarror__pygame-menu-357,ppizarror__pygame-menu,swe-agent-llama-405b,False,submitted (exit_context),RangeSlider assertion error when modifying minimum range value,93,46,45,40+,0.978261,162.44,edit|inspect|other|run|test,2263,2866,94.315,matched success/failure trajectory for the same task and model
CASE-0005,paired,P03,train-00001-of-00012.jsonl,4281,3YOURMIND__django-migration-linter-258,3YOURMIND__django-migration-linter,swe-agent-llama-405b,True,submitted (exit_context),Adding an index with a NOT NULL condition incorrectly triggers NOT_NULL rule,161,80,79,40+,0.9875,245.95,edit|inspect|test,7669,5951,90.84,matched success/failure trajectory for the same task and model
CASE-0006,paired,P03,train-00001-of-00012.jsonl,4299,3YOURMIND__django-migration-linter-258,3YOURMIND__django-migration-linter,swe-agent-llama-405b,False,submitted (exit_context),Adding an index with a NOT NULL condition incorrectly triggers NOT_NULL rule,93,46,45,40+,0.978261,311.84,edit|inspect|other|run,867,5178,92.584,matched success/failure trajectory for the same task and model
CASE-0007,paired,P04,train-00008-of-00012.jsonl,2826,pydantic__pydantic-3642,pydantic__pydantic,swe-agent-llama-405b,True,submitted,copy_on_model_validation config doesn't copy List field anymore in v1.9.0,33,16,15,10-19,0.9375,272.0,edit|inspect|other|run,614,12382,78.334,matched success/failure trajectory for the same task and model
CASE-0008,paired,P04,train-00008-of-00012.jsonl,2806,pydantic__pydantic-3642,pydantic__pydantic,swe-agent-llama-405b,False,submitted (exit_context),copy_on_model_validation config doesn't copy List field anymore in v1.9.0,83,41,40,40+,0.97561,381.7,edit|inspect|other|run|test,499,12413,99.634,matched success/failure trajectory for the same task and model
CASE-0009,paired,P05,train-00001-of-00012.jsonl,1877,bids-standard__pybids-492,bids-standard__pybids,swe-agent-llama-405b,True,submitted,layout.get doesn't find any entities when passed a numpy.int64 value for run,51,25,24,20-39,0.96,413.04,edit|inspect|other|run,1971,4380,85.4,matched success/failure trajectory for the same task and model
CASE-0010,paired,P05,train-00001-of-00012.jsonl,1835,bids-standard__pybids-492,bids-standard__pybids,swe-agent-llama-405b,False,submitted (exit_context),layout.get doesn't find any entities when passed a numpy.int64 value for run,95,47,46,40+,0.978723,319.74,edit|inspect|other|run,1756,4404,92.816,matched success/failure trajectory for the same task and model
CASE-0011,paired,P06,train-00000-of-00012.jsonl,3175,oasis-open__cti-python-stix2-454,oasis-open__cti-python-stix2,swe-agent-llama-405b,True,submitted,AST make_constant() function doesn't make timestamp constants,27,13,12,10-19,0.923077,255.58,edit|inspect|other|run|test,612,15648,80.148,matched success/failure trajectory for the same task and model
CASE-0012,paired,P06,train-00000-of-00012.jsonl,3200,oasis-open__cti-python-stix2-454,oasis-open__cti-python-stix2,swe-agent-llama-405b,False,submitted (exit_context),AST make_constant() function doesn't make timestamp constants,89,44,43,40+,0.977273,392.95,edit|inspect|other|run,278,15580,93.659,matched success/failure trajectory for the same task and model
CASE-0013,paired,P07,train-00002-of-00012.jsonl,2899,pydantic__pydantic-4884,pydantic__pydantic,swe-agent-llama-405b,True,submitted (exit_context),Pydantic doesn't properly parses models with custom root into custom root models,71,35,34,20-39,0.971429,268.79,edit|inspect|run,1073,2796,86.251,matched success/failure trajectory for the same task and model
CASE-0014,paired,P07,train-00002-of-00012.jsonl,2928,pydantic__pydantic-4884,pydantic__pydantic,swe-agent-llama-405b,False,submitted (exit_context),Pydantic doesn't properly parses models with custom root into custom root models,99,49,48,40+,0.979592,241.62,edit|inspect|run,1332,3408,88.597,matched success/failure trajectory for the same task and model
CASE-0015,paired,P08,train-00011-of-00012.jsonl,5399,ebmdatalab__datalab-pandas-29,ebmdatalab__datalab-pandas,swe-agent-llama-405b,True,submitted,`bq.cached_read` fails confusingly if parent directory doesn't exist,27,13,12,10-19,0.923077,249.25,edit|inspect|other|test,547,1968,77.968,matched success/failure trajectory for the same task and model
CASE-0016,paired,P08,train-00011-of-00012.jsonl,5370,ebmdatalab__datalab-pandas-29,ebmdatalab__datalab-pandas,swe-agent-llama-405b,False,submitted,`bq.cached_read` fails confusingly if parent directory doesn't exist,51,25,24,20-39,0.96,280.88,edit|inspect|other|test,1269,2050,87.425,matched success/failure trajectory for the same task and model
CASE-0017,paired,P09,train-00005-of-00012.jsonl,1820,pypa__hatch-422,pypa__hatch,swe-agent-llama-405b,True,submitted,`hatch version <new-version>` fails when any custom metadata hook is installed,49,24,23,20-39,0.958333,165.3,edit|inspect|other,3801,1931,77.598,matched success/failure trajectory for the same task and model
CASE-0018,paired,P09,train-00005-of-00012.jsonl,1887,pypa__hatch-422,pypa__hatch,swe-agent-llama-405b,False,submitted (exit_context),`hatch version <new-version>` fails when any custom metadata hook is installed,91,45,44,40+,0.977778,275.43,edit|inspect|other,2443,1993,89.536,matched success/failure trajectory for the same task and model
CASE-0019,paired,P10,train-00006-of-00012.jsonl,2909,networkx__networkx-5903,networkx__networkx,swe-agent-llama-405b,True,submitted,`relabel_nodes` does not work for callables with `__getitem__`,29,14,13,10-19,0.928571,254.62,edit|inspect|other|run,542,4055,74.703,matched success/failure trajectory for the same task and model
CASE-0020,paired,P10,train-00006-of-00012.jsonl,2953,networkx__networkx-5903,networkx__networkx,swe-agent-llama-405b,False,submitted (exit_context),`relabel_nodes` does not work for callables with `__getitem__`,69,34,33,20-39,0.970588,403.27,edit|inspect|other|run,803,4123,90.059,matched success/failure trajectory for the same task and model
CASE-0021,paired,P100,train-00008-of-00012.jsonl,5565,tianocore__edk2-pytool-library-238,tianocore__edk2-pytool-library,swe-agent-llama-70b,True,submitted,[Bug]: Loading EFiVariableAuthentication2 from Filestream results in exception,79,39,36,20-39,0.923077,344.97,edit|inspect|other|run|test,964,2988,96.702,matched success/failure trajectory for the same task and model
CASE-0022,paired,P100,train-00008-of-00012.jsonl,5572,tianocore__edk2-pytool-library-238,tianocore__edk2-pytool-library,swe-agent-llama-70b,False,submitted (exit_context),[Bug]: Loading EFiVariableAuthentication2 from Filestream results in exception,65,32,31,20-39,0.96875,374.45,edit|inspect|other|run,42392,3531,89.031,matched success/failure trajectory for the same task and model
CASE-0023,paired,P101,train-00000-of-00012.jsonl,32,Melevir__cognitive_complexity-15,Melevir__cognitive_complexity,swe-agent-llama-70b,True,submitted (exit_context),Incorrect counting for sequences of binary logical operators,81,40,39,20-39,0.975,355.77,edit|inspect|run|test,3921,3460,97.125,matched success/failure trajectory for the same task and model
CASE-0024,paired,P101,train-00000-of-00012.jsonl,60,Melevir__cognitive_complexity-15,Melevir__cognitive_complexity,swe-agent-llama-70b,False,submitted,Incorrect counting for sequences of binary logical operators,43,21,20,20-39,0.952381,475.8,edit|inspect|other|run|test,2917,3417,89.286,matched success/failure trajectory for the same task and model
CASE-0025,paired,P102,train-00011-of-00012.jsonl,5196,astropy__astroquery-2444,astropy__astroquery,swe-agent-llama-70b,True,submitted (exit_context),SvoFps.get_filter_index unit conversion issue?,85,42,41,40+,0.97619,280.8,edit|inspect|other|run,1752,2479,91.666,matched success/failure trajectory for the same task and model
CASE-0026,paired,P102,train-00011-of-00012.jsonl,5226,astropy__astroquery-2444,astropy__astroquery,swe-agent-llama-70b,False,submitted (exit_context),SvoFps.get_filter_index unit conversion issue?,91,45,40,40+,0.888889,241.57,edit|inspect|other|run|test,1337,2486,95.235,matched success/failure trajectory for the same task and model
CASE-0027,paired,P103,train-00010-of-00012.jsonl,5463,auth0__auth0-python-195,auth0__auth0-python,swe-agent-llama-70b,True,submitted (exit_context),rules_config.unset does not work,107,53,52,40+,0.981132,370.67,edit|inspect|other|run,1145,2045,91.717,matched success/failure trajectory for the same task and model
CASE-0028,paired,P103,train-00010-of-00012.jsonl,5508,auth0__auth0-python-195,auth0__auth0-python,swe-agent-llama-70b,False,submitted (exit_context),rules_config.unset does not work,75,37,36,20-39,0.972973,671.47,edit|inspect|other|run,1239,2008,91.595,matched success/failure trajectory for the same task and model
CASE-0029,paired,P104,train-00008-of-00012.jsonl,1694,docker__docker-py-1150,docker__docker-py,swe-agent-llama-70b,True,submitted (exit_context),Client.build crashes when trying to pull a new image if HttpHeaders are set in config file,67,33,32,20-39,0.969697,308.69,edit|inspect|other|run,1503,10917,88.365,matched success/failure trajectory for the same task and model
CASE-0030,paired,P104,train-00008-of-00012.jsonl,1675,docker__docker-py-1150,docker__docker-py,swe-agent-llama-70b,False,submitted (exit_context),Client.build crashes when trying to pull a new image if HttpHeaders are set in config file,73,36,35,20-39,0.972222,438.0,edit|inspect|other|run|test,3470,10985,97.083,matched success/failure trajectory for the same task and model
CASE-0031,paired,P105,train-00006-of-00012.jsonl,5147,European-XFEL__EXtra-data-375,European-XFEL__EXtra-data,swe-agent-llama-70b,True,submitted (exit_context),RunDirectory does not work as context manager when voview file present,119,59,58,40+,0.983051,276.6,edit|inspect|run,2550,2115,87.649,matched success/failure trajectory for the same task and model
CASE-0032,paired,P105,train-00006-of-00012.jsonl,5137,European-XFEL__EXtra-data-375,European-XFEL__EXtra-data,swe-agent-llama-70b,False,submitted,RunDirectory does not work as context manager when voview file present,75,37,35,20-39,0.945946,302.43,edit|inspect|other|run|test,1887,2322,95.33,matched success/failure trajectory for the same task and model
CASE-0033,paired,P106,train-00003-of-00012.jsonl,733,construct__construct-889,construct__construct,swe-agent-llama-70b,True,submitted,build_file() crashes when using RawCopy with a value only,59,29,27,20-39,0.931034,229.78,edit|inspect|other|test,1489,10664,87.031,matched success/failure trajectory for the same task and model
CASE-0034,paired,P106,train-00003-of-00012.jsonl,736,construct__construct-889,construct__construct,swe-agent-llama-70b,False,submitted (exit_context),build_file() crashes when using RawCopy with a value only,89,44,43,40+,0.977273,234.26,edit|inspect|other|run|test,583,10512,96.352,matched success/failure trajectory for the same task and model
CASE-0035,paired,P107,train-00002-of-00012.jsonl,2224,alephdata__followthemoney-871,alephdata__followthemoney,swe-agent-llama-70b,True,submitted (exit_context),Better error handling regarding invalid domains in e-mail cleanup,77,38,37,20-39,0.973684,363.57,edit|inspect|test,1653,1908,94.105,matched success/failure trajectory for the same task and model
CASE-0036,paired,P107,train-00002-of-00012.jsonl,2219,alephdata__followthemoney-871,alephdata__followthemoney,swe-agent-llama-70b,False,submitted,Better error handling regarding invalid domains in e-mail cleanup,59,29,27,20-39,0.931034,378.07,edit|inspect|other|test,791,1867,90.466,matched success/failure trajectory for the same task and model
CASE-0037,paired,P108,train-00007-of-00012.jsonl,2137,mozilla__bleach-434,mozilla__bleach,swe-agent-llama-70b,True,submitted,Style filter does not work correctly when supplied non-ASCII style attribute,71,35,32,20-39,0.914286,374.44,edit|inspect|other|run,754,4593,88.714,matched success/failure trajectory for the same task and model
CASE-0038,paired,P108,train-00007-of-00012.jsonl,2147,mozilla__bleach-434,mozilla__bleach,swe-agent-llama-70b,False,submitted (exit_context),Style filter does not work correctly when supplied non-ASCII style attribute,97,48,47,40+,0.979167,457.85,edit|inspect|other|run,1543,4661,93.688,matched success/failure trajectory for the same task and model
CASE-0039,paired,P109,train-00005-of-00012.jsonl,2938,kiwicom__structlog-sentry-18,kiwicom__structlog-sentry,swe-agent-llama-70b,True,submitted (exit_context),Can't use format_exc_info with SentryProcessor,55,27,26,20-39,0.962963,303.35,edit|inspect|test,2064,4126,87.112,matched success/failure trajectory for the same task and model
CASE-0040,paired,P109,train-00005-of-00012.jsonl,2939,kiwicom__structlog-sentry-18,kiwicom__structlog-sentry,swe-agent-llama-70b,False,submitted (exit_context),Can't use format_exc_info with SentryProcessor,83,41,40,40+,0.97561,350.55,edit|inspect|test,2918,4177,95.634,matched success/failure trajectory for the same task and model
CASE-0041,paired,P11,train-00004-of-00012.jsonl,152,ShawHahnLab__igseq-57,ShawHahnLab__igseq,swe-agent-llama-405b,True,submitted,tree color-coding crashes when exactly one set is defined,27,13,11,10-19,0.846154,298.64,edit|inspect|other|run,930,2592,73.725,matched success/failure trajectory for the same task and model
CASE-0042,paired,P11,train-00004-of-00012.jsonl,131,ShawHahnLab__igseq-57,ShawHahnLab__igseq,swe-agent-llama-405b,False,submitted (exit_context),tree color-coding crashes when exactly one set is defined,71,35,33,20-39,0.942857,364.94,edit|inspect|other|run,2012,2578,89.643,matched success/failure trajectory for the same task and model
CASE-0043,paired,P110,train-00007-of-00012.jsonl,4633,betamaxpy__betamax-170,betamaxpy__betamax,swe-agent-llama-70b,True,submitted (exit_context),A blank string used for placeholder replacement can cause memory issue,111,55,54,40+,0.981818,252.8,edit|inspect|other|run,3542,3773,88.95,matched success/failure trajectory for the same task and model
CASE-0044,paired,P110,train-00007-of-00012.jsonl,4625,betamaxpy__betamax-170,betamaxpy__betamax,swe-agent-llama-70b,False,submitted,A blank string used for placeholder replacement can cause memory issue,107,53,51,40+,0.962264,287.16,edit|inspect|other|run|test,6162,3844,95.639,matched success/failure trajectory for the same task and model
CASE-0045,paired,P111,train-00000-of-00012.jsonl,5590,hhursev__recipe-scrapers-915,hhursev__recipe-scrapers,swe-agent-llama-70b,True,submitted (exit_context),bug: get_minutes returns precise-zero-minutes during fallback text matching case,37,18,17,10-19,0.944444,443.47,edit|inspect|other|test,2686,8806,85.667,matched success/failure trajectory for the same task and model
CASE-0046,paired,P111,train-00000-of-00012.jsonl,5572,hhursev__recipe-scrapers-915,hhursev__recipe-scrapers,swe-agent-llama-70b,False,submitted,bug: get_minutes returns precise-zero-minutes during fallback text matching case,97,48,47,40+,0.979167,257.4,edit|inspect|other|run|test,1378,3015,97.042,matched success/failure trajectory for the same task and model
CASE-0047,paired,P112,train-00008-of-00012.jsonl,356,SmileyChris__django-countries-339,SmileyChris__django-countries,swe-agent-llama-70b,True,submitted,Applying migrations with CountryField fails with Django 3.2,109,54,51,40+,0.944444,165.18,edit|inspect|other|run|test,7385,9245,91.886,matched success/failure trajectory for the same task and model
CASE-0048,paired,P112,train-00008-of-00012.jsonl,341,SmileyChris__django-countries-339,SmileyChris__django-countries,swe-agent-llama-70b,False,submitted,Applying migrations with CountryField fails with Django 3.2,83,41,40,40+,0.97561,330.9,edit|inspect|other|run,1360,8578,93.088,matched success/failure trajectory for the same task and model
CASE-0049,paired,P113,train-00001-of-00012.jsonl,3982,rapidpro__rapidpro-python-38,rapidpro__rapidpro-python,swe-agent-llama-70b,True,submitted (exit_context),Null DatetimeField raises an exception upon serialisation request,109,54,53,40+,0.981481,268.51,edit|inspect|run,1253,2423,87.394,matched success/failure trajectory for the same task and model
CASE-0050,paired,P113,train-00001-of-00012.jsonl,3984,rapidpro__rapidpro-python-38,rapidpro__rapidpro-python,swe-agent-llama-70b,False,submitted,Null DatetimeField raises an exception upon serialisation request,95,47,46,40+,0.978723,275.52,edit|inspect|other|run|test,1323,2472,97.553,matched success/failure trajectory for the same task and model
CASE-0051,paired,P114,train-00004-of-00012.jsonl,5971,seequent__pure_interface-54,seequent__pure_interface,swe-agent-llama-70b,True,submitted,PI does not work with __init_subclass__ with kwargs,33,16,15,10-19,0.9375,294.53,edit|inspect|other|run|test,1607,1956,84.978,matched success/failure trajectory for the same task and model
CASE-0052,paired,P114,train-00004-of-00012.jsonl,5953,seequent__pure_interface-54,seequent__pure_interface,swe-agent-llama-70b,False,submitted,PI does not work with __init_subclass__ with kwargs,83,41,40,40+,0.97561,333.95,edit|inspect|other|run|test,5122,2236,99.176,matched success/failure trajectory for the same task and model
CASE-0053,paired,P115,train-00007-of-00012.jsonl,226,corteva__rioxarray-388,corteva__rioxarray,swe-agent-llama-70b,True,submitted,IndexError on compute() when using mask_and_scale=True and dask chunking along band dimension,63,31,28,20-39,0.903226,344.21,edit|inspect|other|run|test,1094,12261,92.383,matched success/failure trajectory for the same task and model
CASE-0054,paired,P115,train-00007-of-00012.jsonl,255,corteva__rioxarray-388,corteva__rioxarray,swe-agent-llama-70b,False,submitted,IndexError on compute() when using mask_and_scale=True and dask chunking along band dimension,61,30,29,20-39,0.966667,322.07,edit|inspect|other|run|test,4747,12940,93.202,matched success/failure trajectory for the same task and model
CASE-0055,paired,P116,train-00008-of-00012.jsonl,4953,cunla__fakeredis-py-238,cunla__fakeredis-py,swe-agent-llama-70b,True,submitted (exit_context),WRONGTYPE Operation against a key holding the wrong kind of value in XREADGROUP,73,36,35,20-39,0.972222,567.83,edit|inspect|run,1462,7428,89.083,matched success/failure trajectory for the same task and model
CASE-0056,paired,P116,train-00008-of-00012.jsonl,4993,cunla__fakeredis-py-238,cunla__fakeredis-py,swe-agent-llama-70b,False,submitted (exit_context),WRONGTYPE Operation against a key holding the wrong kind of value in XREADGROUP,123,61,60,40+,0.983607,320.52,edit|inspect|run|test,2462,7723,94.912,matched success/failure trajectory for the same task and model
CASE-0057,paired,P117,train-00001-of-00012.jsonl,5771,INM-6__python-odmltables-120,INM-6__python-odmltables,swe-agent-llama-70b,True,submitted (exit_context),Error when converting empty (apart from header) csv file,173,86,85,40+,0.988372,245.89,edit|inspect|run,1030,4298,86.851,matched success/failure trajectory for the same task and model
CASE-0058,paired,P117,train-00001-of-00012.jsonl,5776,INM-6__python-odmltables-120,INM-6__python-odmltables,swe-agent-llama-70b,False,submitted (exit_context),Error when converting empty (apart from header) csv file,83,41,40,40+,0.97561,486.15,edit|inspect|other|test,1326,4252,97.634,matched success/failure trajectory for the same task and model
CASE-0059,paired,P118,train-00009-of-00012.jsonl,639,pylint-dev__astroid-1903,pylint-dev__astroid,swe-agent-llama-70b,True,submitted (exit_context),Unhandled AttributeError during str.format template evaluation,167,83,82,40+,0.987952,193.12,edit|inspect|run|test,1995,4139,91.337,matched success/failure trajectory for the same task and model
CASE-0060,paired,P118,train-00009-of-00012.jsonl,645,pylint-dev__astroid-1903,pylint-dev__astroid,swe-agent-llama-70b,False,submitted (exit_context),Unhandled AttributeError during str.format template evaluation,87,43,36,20-39,0.837209,246.14,edit|inspect|run|test,2779,2538,90.591,matched success/failure trajectory for the same task and model
CASE-0061,paired,P119,train-00000-of-00012.jsonl,1905,gibsramen__evident-23,gibsramen__evident,swe-agent-llama-70b,True,submitted,Fix NaN issue in OnlyOneCategory exception,57,28,27,20-39,0.964286,267.48,edit|inspect|other|run,803,2209,84.607,matched success/failure trajectory for the same task and model
CASE-0062,paired,P119,train-00000-of-00012.jsonl,1904,gibsramen__evident-23,gibsramen__evident,swe-agent-llama-70b,False,submitted,Fix NaN issue in OnlyOneCategory exception,103,51,48,40+,0.941176,377.88,edit|inspect|other|test,1824,2394,97.118,matched success/failure trajectory for the same task and model
CASE-0063,paired,P12,train-00000-of-00012.jsonl,701,networkx__networkx-7024,networkx__networkx,swe-agent-llama-405b,True,submitted,```is_k_edge_connected``` incorrectly returns True for k=2 with multi-component graphs without bridges,23,11,10,10-19,0.909091,308.4,edit|inspect|other|run,638,5491,74.448,matched success/failure trajectory for the same task and model
CASE-0064,paired,P12,train-00000-of-00012.jsonl,772,networkx__networkx-7024,networkx__networkx,swe-agent-llama-405b,False,submitted,```is_k_edge_connected``` incorrectly returns True for k=2 with multi-component graphs without bridges,37,18,17,10-19,0.944444,203.82,edit|inspect|other|run,619,5492,77.49,matched success/failure trajectory for the same task and model
CASE-0065,paired,P120,train-00011-of-00012.jsonl,5048,alerta__python-alerta-client-205,alerta__python-alerta-client,swe-agent-llama-70b,True,submitted (exit_context),`alerta heartbeats --alert` broken,91,45,44,40+,0.977778,446.84,edit|inspect|run,3380,1970,91.667,matched success/failure trajectory for the same task and model
CASE-0066,paired,P120,train-00011-of-00012.jsonl,5046,alerta__python-alerta-client-205,alerta__python-alerta-client,swe-agent-llama-70b,False,submitted (exit_context),`alerta heartbeats --alert` broken,87,43,42,40+,0.976744,335.14,edit|inspect|other|run,658,1862,93.227,matched success/failure trajectory for the same task and model
CASE-0067,paired,P121,train-00011-of-00012.jsonl,2360,wfondrie__mokapot-65,wfondrie__mokapot,swe-agent-llama-70b,True,submitted,[BUG] Different scores for LinearConfidence and GroupConfidence,85,42,40,40+,0.952381,264.27,edit|inspect|other|run,1482,1751,90.836,matched success/failure trajectory for the same task and model
CASE-0068,paired,P121,train-00011-of-00012.jsonl,2354,wfondrie__mokapot-65,wfondrie__mokapot,swe-agent-llama-70b,False,submitted,[BUG] Different scores for LinearConfidence and GroupConfidence,99,49,47,40+,0.959184,465.11,edit|inspect|other|run,1828,1966,93.388,matched success/failure trajectory for the same task and model
CASE-0069,paired,P122,train-00001-of-00012.jsonl,1796,adamchainz__apig-wsgi-290,adamchainz__apig-wsgi,swe-agent-llama-70b,True,submitted (exit_context),Error when requestContext is None,79,39,36,20-39,0.923077,328.81,edit|inspect|test,1706,8798,92.241,matched success/failure trajectory for the same task and model
CASE-0070,paired,P122,train-00001-of-00012.jsonl,1763,adamchainz__apig-wsgi-290,adamchainz__apig-wsgi,swe-agent-llama-70b,False,submitted,Error when requestContext is None,73,36,34,20-39,0.944444,186.26,edit|inspect|other|run|test,1210,8917,91.488,matched success/failure trajectory for the same task and model
CASE-0071,paired,P123,train-00003-of-00012.jsonl,2679,scrapinghub__price-parser-43,scrapinghub__price-parser,swe-agent-llama-70b,True,submitted,Bug non break space.,33,16,15,10-19,0.9375,333.8,edit|inspect|other|test,562,61115,84.1,matched success/failure trajectory for the same task and model
CASE-0072,paired,P123,train-00003-of-00012.jsonl,2671,scrapinghub__price-parser-43,scrapinghub__price-parser,swe-agent-llama-70b,False,submitted (exit_context),Bug non break space.,175,87,86,40+,0.988506,346.37,edit|inspect|other|run|test,751,2422,97.724,matched success/failure trajectory for the same task and model
CASE-0073,paired,P124,train-00008-of-00012.jsonl,5736,PennChopMicrobiomeProgram__illqc-17,PennChopMicrobiomeProgram__illqc,swe-agent-llama-70b,True,submitted,Cannot configure setting for sliding window,49,24,23,20-39,0.958333,252.39,edit|inspect|other|run|test,1306,1803,88.086,matched success/failure trajectory for the same task and model
CASE-0074,paired,P124,train-00008-of-00012.jsonl,5731,PennChopMicrobiomeProgram__illqc-17,PennChopMicrobiomeProgram__illqc,swe-agent-llama-70b,False,submitted (exit_context),Cannot configure setting for sliding window,107,53,52,40+,0.981132,344.52,edit|inspect|test,1593,1803,93.56,matched success/failure trajectory for the same task and model
CASE-0075,paired,P125,train-00008-of-00012.jsonl,2517,macbre__sql-metadata-127,macbre__sql-metadata,swe-agent-llama-70b,True,submitted,sql_metadata.get_query_columns  result error,37,18,17,10-19,0.944444,388.41,edit|inspect|other|run|test,1110,2269,87.667,matched success/failure trajectory for the same task and model
CASE-0076,paired,P125,train-00008-of-00012.jsonl,2523,macbre__sql-metadata-127,macbre__sql-metadata,swe-agent-llama-70b,False,submitted (exit_context),sql_metadata.get_query_columns  result error,59,29,28,20-39,0.965517,396.86,edit|inspect|other|run|test,3189,2348,93.483,matched success/failure trajectory for the same task and model
CASE-0077,paired,P13,train-00000-of-00012.jsonl,3317,pydantic__pydantic-3975,pydantic__pydantic,swe-agent-llama-405b,True,submitted,Unexpected behaviour if the prefix contains the env_nested_delimiter,39,19,18,10-19,0.947368,224.0,edit|inspect|other|test,3228,5639,82.611,matched success/failure trajectory for the same task and model
CASE-0078,paired,P13,train-00000-of-00012.jsonl,3323,pydantic__pydantic-3975,pydantic__pydantic,swe-agent-llama-405b,False,submitted (exit_context),Unexpected behaviour if the prefix contains the env_nested_delimiter,65,32,31,20-39,0.96875,267.71,edit|inspect|test,5137,2684,88.68,matched success/failure trajectory for the same task and model
CASE-0079,paired,P14,train-00008-of-00012.jsonl,3444,brightway-lca__brightway2-analyzer-19,brightway-lca__brightway2-analyzer,swe-agent-llama-8b,True,submitted (exit_context),Invalid sorting for Contribution results when top contributors are negative (Absolute values),83,41,40,40+,0.97561,419.7,edit|inspect|test,1587,2610,95.634,matched success/failure trajectory for the same task and model
CASE-0080,paired,P14,train-00008-of-00012.jsonl,3455,brightway-lca__brightway2-analyzer-19,brightway-lca__brightway2-analyzer,swe-agent-llama-8b,False,submitted (exit_context),Invalid sorting for Contribution results when top contributors are negative (Absolute values),67,33,32,20-39,0.969697,380.5,edit|inspect|other|test,1257,2611,93.545,matched success/failure trajectory for the same task and model
CASE-0081,paired,P15,train-00004-of-00012.jsonl,522,fronzbot__blinkpy-401,fronzbot__blinkpy,swe-agent-llama-8b,True,submitted,Exception on blink.refresh,71,35,34,20-39,0.971429,292.26,edit|inspect|other|test,521,3593,92.922,matched success/failure trajectory for the same task and model
CASE-0082,paired,P15,train-00004-of-00012.jsonl,537,fronzbot__blinkpy-401,fronzbot__blinkpy,swe-agent-llama-8b,False,submitted (exit_context),Exception on blink.refresh,171,85,84,40+,0.988235,251.14,edit|inspect|other|run|test,795,3724,94.999,matched success/failure trajectory for the same task and model
CASE-0083,paired,P16,train-00001-of-00012.jsonl,1084,palantir__python-language-server-211,palantir__python-language-server,swe-agent-llama-8b,True,submitted (exit_context),Fix ignored and select settings interface with pycodestyle,83,41,40,40+,0.97561,320.52,edit|inspect|test,6451,5493,94.792,matched success/failure trajectory for the same task and model
CASE-0084,paired,P16,train-00001-of-00012.jsonl,1095,palantir__python-language-server-211,palantir__python-language-server,swe-agent-llama-8b,False,submitted (exit_context),Fix ignored and select settings interface with pycodestyle,103,51,50,40+,0.980392,254.36,edit|inspect|test,1607,5523,92.973,matched success/failure trajectory for the same task and model
CASE-0085,paired,P17,train-00008-of-00012.jsonl,4099,palantir__python-jsonrpc-server-37,palantir__python-jsonrpc-server,swe-agent-llama-8b,True,submitted (exit_context),Tests failing with Python 3.8,65,32,30,20-39,0.9375,368.53,edit|inspect|other|run|test,2696,4634,94.062,matched success/failure trajectory for the same task and model
CASE-0086,paired,P17,train-00008-of-00012.jsonl,4089,palantir__python-jsonrpc-server-37,palantir__python-jsonrpc-server,swe-agent-llama-8b,False,submitted (exit_context),Tests failing with Python 3.8,65,32,31,20-39,0.96875,307.06,edit|inspect|other|test,2680,4332,91.804,matched success/failure trajectory for the same task and model
CASE-0087,paired,P18,train-00000-of-00012.jsonl,657,just-work__fffw-100,just-work__fffw,swe-agent-llama-8b,True,submitted (exit_context),Trim sets incorrect duration,139,69,68,40+,0.985507,212.85,edit|inspect|other|test,1424,2938,91.864,matched success/failure trajectory for the same task and model
CASE-0088,paired,P18,train-00000-of-00012.jsonl,628,just-work__fffw-100,just-work__fffw,swe-agent-llama-8b,False,submitted (exit_context),Trim sets incorrect duration,147,73,72,40+,0.986301,248.88,edit|inspect|other|test,1281,2889,92.905,matched success/failure trajectory for the same task and model
CASE-0089,paired,P19,train-00002-of-00012.jsonl,3534,barrust__pyspellchecker-101,barrust__pyspellchecker,swe-agent-llama-8b,True,submitted,Case Sensitive bug,41,20,19,10-19,0.95,379.47,edit|inspect|other|test,852,4998,86.75,matched success/failure trajectory for the same task and model
CASE-0090,paired,P19,train-00002-of-00012.jsonl,3563,barrust__pyspellchecker-101,barrust__pyspellchecker,swe-agent-llama-8b,False,submitted (exit_context),Case Sensitive bug,77,38,37,20-39,0.973684,537.54,edit|inspect|other|test,2008,5126,96.105,matched success/failure trajectory for the same task and model
CASE-0091,paired,P20,train-00011-of-00012.jsonl,3117,nipy__nipype-3325,nipy__nipype,swe-agent-llama-8b,True,submitted (exit_context),"fsl randomise f_only flag contains typo, can't work",321,160,159,40+,0.99375,307.7,edit|inspect|other|test,1039,1951,94.698,matched success/failure trajectory for the same task and model
CASE-0092,paired,P20,train-00011-of-00012.jsonl,3169,nipy__nipype-3325,nipy__nipype,swe-agent-llama-8b,False,submitted,"fsl randomise f_only flag contains typo, can't work",55,27,26,20-39,0.962963,265.35,edit|inspect|other|test,782,1974,88.026,matched success/failure trajectory for the same task and model
CASE-0093,paired,P21,train-00011-of-00012.jsonl,5359,ebmdatalab__datalab-pandas-29,ebmdatalab__datalab-pandas,swe-agent-llama-8b,True,submitted (exit_context),`bq.cached_read` fails confusingly if parent directory doesn't exist,65,32,31,20-39,0.96875,272.16,edit|inspect|test,1217,2049,88.807,matched success/failure trajectory for the same task and model
CASE-0094,paired,P21,train-00011-of-00012.jsonl,5378,ebmdatalab__datalab-pandas-29,ebmdatalab__datalab-pandas,swe-agent-llama-8b,False,submitted (exit_context),`bq.cached_read` fails confusingly if parent directory doesn't exist,103,51,50,40+,0.980392,278.38,edit|inspect|test,1575,2252,93.66,matched success/failure trajectory for the same task and model
CASE-0095,paired,P22,train-00007-of-00012.jsonl,256,corteva__rioxarray-388,corteva__rioxarray,swe-agent-llama-8b,True,submitted (exit_context),IndexError on compute() when using mask_and_scale=True and dask chunking along band dimension,73,36,34,20-39,0.944444,225.74,edit|inspect|other|run,1362,12318,86.616,matched success/failure trajectory for the same task and model
CASE-0096,paired,P22,train-00007-of-00012.jsonl,236,corteva__rioxarray-388,corteva__rioxarray,swe-agent-llama-8b,False,submitted (exit_context),IndexError on compute() when using mask_and_scale=True and dask chunking along band dimension,83,41,40,40+,0.97561,364.75,edit|inspect|other|run,857,12244,93.634,matched success/failure trajectory for the same task and model
CASE-0097,paired,P23,train-00004-of-00012.jsonl,5955,seequent__pure_interface-54,seequent__pure_interface,swe-agent-llama-8b,True,submitted (exit_context),PI does not work with __init_subclass__ with kwargs,73,36,35,20-39,0.972222,430.8,edit|inspect|test,2691,2033,93.083,matched success/failure trajectory for the same task and model
CASE-0098,paired,P23,train-00004-of-00012.jsonl,5961,seequent__pure_interface-54,seequent__pure_interface,swe-agent-llama-8b,False,submitted (exit_context),PI does not work with __init_subclass__ with kwargs,65,32,31,20-39,0.96875,447.9,edit|inspect|other|run,1470,2458,89.031,matched success/failure trajectory for the same task and model
CASE-0099,paired,P24,train-00005-of-00012.jsonl,1879,pypa__hatch-422,pypa__hatch,swe-agent-llama-8b,True,submitted (exit_context),`hatch version <new-version>` fails when any custom metadata hook is installed,101,50,49,40+,0.98,291.9,edit|inspect|run,1053,2113,90.04,matched success/failure trajectory for the same task and model
CASE-0100,paired,P24,train-00005-of-00012.jsonl,1817,pypa__hatch-422,pypa__hatch,swe-agent-llama-8b,False,submitted (exit_context),`hatch version <new-version>` fails when any custom metadata hook is installed,95,47,46,40+,0.978723,298.59,edit|inspect|other|run,1041,1841,92.212,matched success/failure trajectory for the same task and model
CASE-0101,paired,P25,train-00011-of-00012.jsonl,5070,alerta__python-alerta-client-205,alerta__python-alerta-client,swe-agent-llama-8b,True,submitted,`alerta heartbeats --alert` broken,31,15,14,10-19,0.933333,312.79,edit|inspect|other|test,640,1867,80.937,matched success/failure trajectory for the same task and model
CASE-0102,paired,P25,train-00011-of-00012.jsonl,5074,alerta__python-alerta-client-205,alerta__python-alerta-client,swe-agent-llama-8b,False,submitted (exit_context),`alerta heartbeats --alert` broken,87,43,41,40+,0.953488,295.22,edit|inspect|other|run|test,3053,2488,97.737,matched success/failure trajectory for the same task and model
CASE-0103,paired,P26,train-00003-of-00012.jsonl,2257,magmax__python-inquirer-526,magmax__python-inquirer,swe-agent-llama-8b,True,submitted,Tuples as list choices can't be hashed when containing a dict,79,39,38,20-39,0.974359,267.18,edit|inspect|other|run,2512,3038,90.249,matched success/failure trajectory for the same task and model
CASE-0104,paired,P26,train-00003-of-00012.jsonl,2249,magmax__python-inquirer-526,magmax__python-inquirer,swe-agent-llama-8b,False,submitted (exit_context),Tuples as list choices can't be hashed when containing a dict,77,38,37,20-39,0.973684,419.41,edit|inspect|run,7905,2855,90.105,matched success/failure trajectory for the same task and model
CASE-0105,paired,P27,train-00001-of-00012.jsonl,4318,3YOURMIND__django-migration-linter-258,3YOURMIND__django-migration-linter,swe-agent-llama-8b,True,submitted (exit_context),Adding an index with a NOT NULL condition incorrectly triggers NOT_NULL rule,93,46,44,40+,0.956522,316.41,edit|inspect|run,1496,5375,90.388,matched success/failure trajectory for the same task and model
CASE-0106,paired,P27,train-00001-of-00012.jsonl,4320,3YOURMIND__django-migration-linter-258,3YOURMIND__django-migration-linter,swe-agent-llama-8b,False,submitted (exit_context),Adding an index with a NOT NULL condition incorrectly triggers NOT_NULL rule,89,44,43,40+,0.977273,642.72,edit|inspect|run,638,5178,91.659,matched success/failure trajectory for the same task and model
CASE-0107,paired,P28,train-00000-of-00012.jsonl,31,Melevir__cognitive_complexity-15,Melevir__cognitive_complexity,swe-agent-llama-8b,True,submitted,Incorrect counting for sequences of binary logical operators,31,15,14,10-19,0.933333,486.29,edit|inspect|test,892,3314,80.0,matched success/failure trajectory for the same task and model
CASE-0108,paired,P28,train-00000-of-00012.jsonl,51,Melevir__cognitive_complexity-15,Melevir__cognitive_complexity,swe-agent-llama-8b,False,submitted (exit_context),Incorrect counting for sequences of binary logical operators,89,44,43,40+,0.977273,850.33,edit|inspect|other|test,1862,3461,97.659,matched success/failure trajectory for the same task and model
CASE-0109,paired,P29,train-00004-of-00012.jsonl,106,ShawHahnLab__igseq-57,ShawHahnLab__igseq,swe-agent-llama-8b,True,submitted (exit_context),tree color-coding crashes when exactly one set is defined,83,41,40,40+,0.97561,259.6,edit|inspect|run,1661,2489,89.051,matched success/failure trajectory for the same task and model
CASE-0110,paired,P29,train-00004-of-00012.jsonl,101,ShawHahnLab__igseq-57,ShawHahnLab__igseq,swe-agent-llama-8b,False,submitted (exit_context),tree color-coding crashes when exactly one set is defined,77,38,37,20-39,0.973684,244.84,edit|inspect|run,2074,2606,87.101,matched success/failure trajectory for the same task and model
CASE-0111,paired,P30,train-00005-of-00012.jsonl,4662,rubik__radon-212,rubik__radon,swe-agent-llama-8b,True,submitted,Incorrect CC for try-except-else else blocks containing multiple statements,39,19,18,10-19,0.947368,241.94,edit|inspect|other|run,1388,13228,79.123,matched success/failure trajectory for the same task and model
CASE-0112,paired,P30,train-00005-of-00012.jsonl,4659,rubik__radon-212,rubik__radon,swe-agent-llama-8b,False,submitted,Incorrect CC for try-except-else else blocks containing multiple statements,71,35,34,20-39,0.971429,500.59,edit|inspect|other|run|test,607,13229,96.571,matched success/failure trajectory for the same task and model
CASE-0113,paired,P31,train-00011-of-00012.jsonl,5222,astropy__astroquery-2444,astropy__astroquery,swe-agent-llama-8b,True,submitted (exit_context),SvoFps.get_filter_index unit conversion issue?,89,44,40,40+,0.909091,153.85,edit|inspect|other|run,2686,2649,87.032,matched success/failure trajectory for the same task and model
CASE-0114,paired,P31,train-00011-of-00012.jsonl,5240,astropy__astroquery-2444,astropy__astroquery,swe-agent-llama-8b,False,submitted (exit_context),SvoFps.get_filter_index unit conversion issue?,89,44,43,40+,0.977273,207.35,edit|inspect|other|run,1969,2490,89.583,matched success/failure trajectory for the same task and model
CASE-0115,paired,P32,train-00008-of-00012.jsonl,5632,zalando-stups__pierone-cli-37,zalando-stups__pierone-cli,swe-agent-llama-8b,True,submitted,pierone fails with backtrace when the CVE status is COULDNT_FIGURE_OUT,39,19,18,10-19,0.947368,555.22,edit|inspect|other,797,2017,80.211,matched success/failure trajectory for the same task and model
CASE-0116,paired,P32,train-00008-of-00012.jsonl,5661,zalando-stups__pierone-cli-37,zalando-stups__pierone-cli,swe-agent-llama-8b,False,submitted (exit_context),pierone fails with backtrace when the CVE status is COULDNT_FIGURE_OUT,83,41,40,40+,0.97561,421.65,edit|inspect|other|run,820,2108,93.634,matched success/failure trajectory for the same task and model
CASE-0117,paired,P33,train-00000-of-00012.jsonl,981,ppizarror__pygame-menu-357,ppizarror__pygame-menu,swe-agent-llama-8b,True,submitted (exit_context),RangeSlider assertion error when modifying minimum range value,65,32,31,20-39,0.96875,179.32,edit|inspect|run,1802,3542,82.155,matched success/failure trajectory for the same task and model
CASE-0118,paired,P33,train-00000-of-00012.jsonl,990,ppizarror__pygame-menu-357,ppizarror__pygame-menu,swe-agent-llama-8b,False,submitted (exit_context),RangeSlider assertion error when modifying minimum range value,235,117,116,40+,0.991453,522.21,edit|inspect|other|run,826,3538,91.872,matched success/failure trajectory for the same task and model
CASE-0119,paired,P34,train-00006-of-00012.jsonl,4768,simphony__tornado-webapi-19,simphony__tornado-webapi,swe-agent-llama-8b,True,submitted (exit_context),Change BadRequest error to BadRepresentation,75,37,33,20-39,0.891892,362.61,edit|inspect|other|test,3010,2824,92.878,matched success/failure trajectory for the same task and model
CASE-0120,paired,P34,train-00006-of-00012.jsonl,4764,simphony__tornado-webapi-19,simphony__tornado-webapi,swe-agent-llama-8b,False,submitted,Change BadRequest error to BadRepresentation,37,18,17,10-19,0.944444,344.82,edit|inspect,1468,2737,77.519,matched success/failure trajectory for the same task and model
CASE-0121,paired,P35,train-00006-of-00012.jsonl,2999,oduwsdl__MementoEmbed-131,oduwsdl__MementoEmbed,swe-agent-llama-8b,True,submitted,Exception while searching for favicon,35,17,16,10-19,0.941176,239.19,edit|inspect|other|test,631,2380,81.952,matched success/failure trajectory for the same task and model
CASE-0122,paired,P35,train-00006-of-00012.jsonl,2969,oduwsdl__MementoEmbed-131,oduwsdl__MementoEmbed,swe-agent-llama-8b,False,submitted (exit_context),Exception while searching for favicon,101,50,49,40+,0.98,245.59,edit|inspect|run,2383,2448,88.717,matched success/failure trajectory for the same task and model
CASE-0123,paired,P36,train-00007-of-00012.jsonl,4524,allrod5__parameters-validation-6,allrod5__parameters-validation,swe-agent-llama-8b,True,submitted,`strongly_typed` validation does not work with default parameters,79,39,38,20-39,0.974359,231.79,edit|inspect|other|run,1174,1958,89.238,matched success/failure trajectory for the same task and model
CASE-0124,paired,P36,train-00007-of-00012.jsonl,4522,allrod5__parameters-validation-6,allrod5__parameters-validation,swe-agent-llama-8b,False,submitted,`strongly_typed` validation does not work with default parameters,39,19,18,10-19,0.947368,256.83,edit|inspect|other|run,1095,1959,79.549,matched success/failure trajectory for the same task and model
CASE-0125,paired,P37,train-00011-of-00012.jsonl,5862,nackjicholson__aiosql-25,nackjicholson__aiosql,swe-agent-llama-8b,True,submitted,Trailing lines in SQL causes a parse exception.,53,26,25,20-39,0.961538,240.68,edit|inspect|other|run|test,498,1854,88.8,matched success/failure trajectory for the same task and model
CASE-0126,paired,P37,train-00011-of-00012.jsonl,5866,nackjicholson__aiosql-25,nackjicholson__aiosql,swe-agent-llama-8b,False,submitted,Trailing lines in SQL causes a parse exception.,35,17,16,10-19,0.941176,240.5,edit|inspect|other|run,400,1854,77.989,matched success/failure trajectory for the same task and model
CASE-0127,paired,P38,train-00008-of-00012.jsonl,1436,RPing__influx-prompt-17,RPing__influx-prompt,swe-agent-llama-8b,True,submitted,Empty values bug,23,11,10,10-19,0.909091,332.0,edit|inspect|other|run,502,2576,75.122,matched success/failure trajectory for the same task and model
CASE-0128,paired,P38,train-00008-of-00012.jsonl,1442,RPing__influx-prompt-17,RPing__influx-prompt,swe-agent-llama-8b,False,submitted (exit_context),Empty values bug,95,47,46,40+,0.978723,340.65,edit|inspect|run,2831,2760,91.414,matched success/failure trajectory for the same task and model
CASE-0129,paired,P39,train-00006-of-00012.jsonl,5792,iterative__dvc-4568,iterative__dvc,swe-agent-llama-70b,True,submitted,config: deep remote:// notation is broken,81,40,39,20-39,0.975,394.9,edit|inspect|other|run|test,1344,1799,99.125,matched success/failure trajectory for the same task and model
CASE-0130,paired,P39,train-00006-of-00012.jsonl,5758,iterative__dvc-4568,iterative__dvc,swe-agent-llama-70b,False,submitted,config: deep remote:// notation is broken,105,52,51,40+,0.980769,356.35,edit|inspect|other|test,764,1749,95.712,matched success/failure trajectory for the same task and model
CASE-0131,paired,P40,train-00007-of-00012.jsonl,6653,pyout__pyout-92,pyout__pyout,swe-agent-llama-70b,True,submitted (exit_context),"gets stuck or pukes error if there is ""interval"" but value is a string",153,76,75,40+,0.986842,351.08,edit|inspect|other|run|test,13912,9510,97.803,matched success/failure trajectory for the same task and model
CASE-0132,paired,P40,train-00007-of-00012.jsonl,6630,pyout__pyout-92,pyout__pyout,swe-agent-llama-70b,False,submitted,"gets stuck or pukes error if there is ""interval"" but value is a string",85,42,37,20-39,0.880952,318.73,edit|inspect|other|run|test,2465,8336,95.821,matched success/failure trajectory for the same task and model
CASE-0133,paired,P41,train-00009-of-00012.jsonl,4238,tianocore__edk2-pytool-extensions-125,tianocore__edk2-pytool-extensions,swe-agent-llama-70b,True,submitted (exit_context),Git Dependencies causes error with version aggregator,109,54,48,40+,0.888889,372.23,edit|inspect|other|run|test,3661,3871,98.333,matched success/failure trajectory for the same task and model
CASE-0134,paired,P41,train-00009-of-00012.jsonl,4228,tianocore__edk2-pytool-extensions-125,tianocore__edk2-pytool-extensions,swe-agent-llama-70b,False,submitted,Git Dependencies causes error with version aggregator,105,52,49,40+,0.942308,323.98,edit|inspect|other|test,3434,3726,96.391,matched success/failure trajectory for the same task and model
CASE-0135,paired,P42,train-00003-of-00012.jsonl,333,Azure__msrest-for-python-189,Azure__msrest-for-python,swe-agent-llama-70b,True,submitted,"Validation failed if string is valid integer, but minimum/maximum is used.",83,41,39,20-39,0.95122,356.74,edit|inspect|other|run|test,1870,7900,98.768,matched success/failure trajectory for the same task and model
CASE-0136,paired,P42,train-00003-of-00012.jsonl,349,Azure__msrest-for-python-189,Azure__msrest-for-python,swe-agent-llama-70b,False,submitted (exit_context),"Validation failed if string is valid integer, but minimum/maximum is used.",93,46,45,40+,0.978261,359.24,edit|inspect|other|run,1521,7924,93.674,matched success/failure trajectory for the same task and model
CASE-0137,paired,P43,train-00010-of-00012.jsonl,4812,CycloneDX__cyclonedx-python-348,CycloneDX__cyclonedx-python,swe-agent-llama-70b,True,submitted,bug: hashes not always included in BOM when present in Pipfile.lock,81,40,39,20-39,0.975,366.21,edit|inspect|other|test,5962,2131,97.125,matched success/failure trajectory for the same task and model
CASE-0138,paired,P43,train-00010-of-00012.jsonl,4814,CycloneDX__cyclonedx-python-348,CycloneDX__cyclonedx-python,swe-agent-llama-70b,False,submitted (exit_context),bug: hashes not always included in BOM when present in Pipfile.lock,181,90,89,40+,0.988889,269.37,edit|inspect|other|run|test,368,1793,95.53,matched success/failure trajectory for the same task and model
CASE-0139,paired,P44,train-00009-of-00012.jsonl,6043,beetbox__mediafile-64,beetbox__mediafile,swe-agent-llama-70b,True,submitted (exit_context),List fields don't return None if the tag doesn't exist,99,49,48,40+,0.979592,319.94,edit|inspect|other|test,1519,28586,96.835,matched success/failure trajectory for the same task and model
CASE-0140,paired,P44,train-00009-of-00012.jsonl,6055,beetbox__mediafile-64,beetbox__mediafile,swe-agent-llama-70b,False,submitted,List fields don't return None if the tag doesn't exist,115,57,56,40+,0.982456,332.16,edit|inspect|other|run|test,1016,28666,97.227,matched success/failure trajectory for the same task and model
CASE-0141,paired,P45,train-00011-of-00012.jsonl,555,Bachmann1234__diff_cover-210,Bachmann1234__diff_cover,swe-agent-llama-70b,True,submitted (exit_context),why HTML&JSON reports are prohibited and why they cannot be generated at the same time,89,44,43,40+,0.977273,449.7,edit|inspect|other|run|test,1131,2152,99.659,matched success/failure trajectory for the same task and model
CASE-0142,paired,P45,train-00011-of-00012.jsonl,508,Bachmann1234__diff_cover-210,Bachmann1234__diff_cover,swe-agent-llama-70b,False,submitted,why HTML&JSON reports are prohibited and why they cannot be generated at the same time,63,31,30,20-39,0.967742,1095.13,edit|inspect|run|test,14203,2544,92.516,matched success/failure trajectory for the same task and model
CASE-0143,paired,P46,train-00008-of-00012.jsonl,5097,gahjelle__pyplugs-29,gahjelle__pyplugs,swe-agent-llama-70b,True,submitted,`.exists()` crashes for non-existing packages,79,39,38,20-39,0.974359,449.34,edit|inspect|other|run,675,2698,92.615,matched success/failure trajectory for the same task and model
CASE-0144,paired,P46,train-00008-of-00012.jsonl,5073,gahjelle__pyplugs-29,gahjelle__pyplugs,swe-agent-llama-70b,False,submitted (exit_context),`.exists()` crashes for non-existing packages,103,51,49,40+,0.960784,383.41,edit|inspect|other|run|test,5117,2874,99.412,matched success/failure trajectory for the same task and model
CASE-0145,paired,P47,train-00010-of-00012.jsonl,3782,gouline__dbt-metabase-158,gouline__dbt-metabase,swe-agent-llama-70b,True,submitted (exit_context),Relationship tests read incorrectly to determine fk_target_table,89,44,43,40+,0.977273,301.42,edit|inspect|other|test,2178,1885,96.271,matched success/failure trajectory for the same task and model
CASE-0146,paired,P47,train-00010-of-00012.jsonl,3759,gouline__dbt-metabase-158,gouline__dbt-metabase,swe-agent-llama-70b,False,submitted (exit_context),Relationship tests read incorrectly to determine fk_target_table,85,42,41,40+,0.97619,347.12,edit|inspect|other|test,4842,1938,97.561,matched success/failure trajectory for the same task and model
CASE-0147,paired,P48,train-00003-of-00012.jsonl,2904,Backblaze__B2_Command_Line_Tool-420,Backblaze__B2_Command_Line_Tool,swe-agent-llama-70b,True,submitted (exit_context),--excludeDirRegex does not work when source is B2,95,47,46,40+,0.978723,660.7,edit|inspect|test,2047,2124,95.681,matched success/failure trajectory for the same task and model
CASE-0148,paired,P48,train-00003-of-00012.jsonl,2882,Backblaze__B2_Command_Line_Tool-420,Backblaze__B2_Command_Line_Tool,swe-agent-llama-70b,False,submitted (exit_context),--excludeDirRegex does not work when source is B2,101,50,49,40+,0.98,352.24,edit|inspect|other|test,3205,1994,97.7,matched success/failure trajectory for the same task and model
CASE-0149,paired,P49,train-00005-of-00012.jsonl,2110,zhmcclient__python-zhmcclient-142,zhmcclient__python-zhmcclient,swe-agent-llama-70b,True,submitted (exit_context),Regression: findall() raises NotFound Error when searching by name and nothing was found,85,42,41,40+,0.97619,258.51,edit|inspect|other|test,3057,1992,95.029,matched success/failure trajectory for the same task and model
CASE-0150,paired,P49,train-00005-of-00012.jsonl,2139,zhmcclient__python-zhmcclient-142,zhmcclient__python-zhmcclient,swe-agent-llama-70b,False,submitted (exit_context),Regression: findall() raises NotFound Error when searching by name and nothing was found,75,37,36,20-39,0.972973,359.86,edit|inspect|other|test,7603,2080,95.595,matched success/failure trajectory for the same task and model
CASE-0151,paired,P50,train-00001-of-00012.jsonl,2811,python__cherry-picker-110,python__cherry-picker,swe-agent-llama-70b,True,submitted,Username detection fails with a trailing slash,79,39,37,20-39,0.948718,309.27,edit|inspect|other|test,711,22120,94.567,matched success/failure trajectory for the same task and model
CASE-0152,paired,P50,train-00001-of-00012.jsonl,2809,python__cherry-picker-110,python__cherry-picker,swe-agent-llama-70b,False,submitted (exit_context),Username detection fails with a trailing slash,107,53,52,40+,0.981132,309.4,edit|inspect|other|run|test,4728,2649,96.557,matched success/failure trajectory for the same task and model
CASE-0153,paired,P51,train-00010-of-00012.jsonl,1865,scikit-hep__hist-247,scikit-hep__hist,swe-agent-llama-70b,True,submitted (exit_context),[BUG] Integer axes counts as category for plot,89,44,43,40+,0.977273,268.47,edit|inspect|other|test,2836,1680,95.33,matched success/failure trajectory for the same task and model
CASE-0154,paired,P51,train-00010-of-00012.jsonl,1867,scikit-hep__hist-247,scikit-hep__hist,swe-agent-llama-70b,False,submitted,[BUG] Integer axes counts as category for plot,81,40,39,20-39,0.975,292.72,edit|inspect|other|test,641,1637,95.488,matched success/failure trajectory for the same task and model
CASE-0155,paired,P52,train-00002-of-00012.jsonl,3562,barrust__pyspellchecker-101,barrust__pyspellchecker,swe-agent-llama-70b,True,submitted,Case Sensitive bug,91,45,44,40+,0.977778,417.48,edit|inspect|other|test,1048,5085,97.667,matched success/failure trajectory for the same task and model
CASE-0156,paired,P52,train-00002-of-00012.jsonl,3559,barrust__pyspellchecker-101,barrust__pyspellchecker,swe-agent-llama-70b,False,submitted,Case Sensitive bug,69,34,33,20-39,0.970588,368.45,edit|inspect|other|test,1642,5112,94.059,matched success/failure trajectory for the same task and model
CASE-0157,paired,P53,train-00008-of-00012.jsonl,4422,simphony__simphony-remote-117,simphony__simphony-remote,swe-agent-llama-70b,True,submitted (exit_context),remoteapprest app start error due to unfound `base_url`,127,63,61,40+,0.968254,230.36,edit|inspect|other|run|test,2333,2906,94.106,matched success/failure trajectory for the same task and model
CASE-0158,paired,P53,train-00008-of-00012.jsonl,4438,simphony__simphony-remote-117,simphony__simphony-remote,swe-agent-llama-70b,False,submitted,remoteapprest app start error due to unfound `base_url`,107,53,52,40+,0.981132,379.92,edit|inspect|other|run|test,1480,2901,97.717,matched success/failure trajectory for the same task and model
CASE-0159,paired,P54,train-00004-of-00012.jsonl,4769,PyFilesystem__pyfilesystem2-396,PyFilesystem__pyfilesystem2,swe-agent-llama-70b,True,submitted (exit_context),fs/_ftp_parse.py fails when parsing directory listing on NT format if folder or filename contains AM or PM,121,60,59,40+,0.983333,384.8,edit|inspect|other|test,1738,1986,95.75,matched success/failure trajectory for the same task and model
CASE-0160,paired,P54,train-00004-of-00012.jsonl,4767,PyFilesystem__pyfilesystem2-396,PyFilesystem__pyfilesystem2,swe-agent-llama-70b,False,submitted (exit_context),fs/_ftp_parse.py fails when parsing directory listing on NT format if folder or filename contains AM or PM,85,42,41,40+,0.97619,285.88,edit|inspect|other|test,1505,2000,95.811,matched success/failure trajectory for the same task and model
CASE-0161,paired,P55,train-00008-of-00012.jsonl,3046,spdx__tools-python-757,spdx__tools-python,swe-agent-llama-70b,True,submitted,Conversion from JSON tag:value gives invalid SPDX,63,31,30,20-39,0.967742,443.2,edit|inspect|other|test,730,2570,92.516,matched success/failure trajectory for the same task and model
CASE-0162,paired,P55,train-00008-of-00012.jsonl,3040,spdx__tools-python-757,spdx__tools-python,swe-agent-llama-70b,False,submitted,Conversion from JSON tag:value gives invalid SPDX,89,44,42,40+,0.954545,364.88,edit|inspect|other|test,2090,2642,97.318,matched success/failure trajectory for the same task and model
CASE-0163,paired,P56,train-00001-of-00012.jsonl,1123,palantir__python-language-server-211,palantir__python-language-server,swe-agent-llama-70b,True,submitted,Fix ignored and select settings interface with pycodestyle,103,51,50,40+,0.980392,344.62,edit|inspect|other|test,801,5402,97.552,matched success/failure trajectory for the same task and model
CASE-0164,paired,P56,train-00001-of-00012.jsonl,1125,palantir__python-language-server-211,palantir__python-language-server,swe-agent-llama-70b,False,submitted,Fix ignored and select settings interface with pycodestyle,85,42,40,40+,0.952381,269.52,edit|inspect|other|test,974,5414,94.986,matched success/failure trajectory for the same task and model
CASE-0165,paired,P57,train-00009-of-00012.jsonl,3148,Infinidat__munch-93,Infinidat__munch,swe-agent-llama-70b,True,submitted,munchify broken?,67,33,32,20-39,0.969697,370.59,edit|inspect|other|run,646,7578,89.545,matched success/failure trajectory for the same task and model
CASE-0166,paired,P57,train-00009-of-00012.jsonl,3152,Infinidat__munch-93,Infinidat__munch,swe-agent-llama-70b,False,submitted,munchify broken?,85,42,41,40+,0.97619,433.2,edit|inspect|other|run|test,2024,7775,99.643,matched success/failure trajectory for the same task and model
CASE-0167,paired,P58,train-00007-of-00012.jsonl,129,Turbo87__utm-31,Turbo87__utm,swe-agent-llama-70b,True,submitted,UTM zone exceptions error,105,52,51,40+,0.980769,255.59,edit|inspect|other|run|test,22220,4326,95.014,matched success/failure trajectory for the same task and model
CASE-0168,paired,P58,train-00007-of-00012.jsonl,94,Turbo87__utm-31,Turbo87__utm,swe-agent-llama-70b,False,submitted (exit_context),UTM zone exceptions error,67,33,32,20-39,0.969697,397.09,edit|inspect|other|test,1953,2145,93.545,matched success/failure trajectory for the same task and model
CASE-0169,paired,P59,train-00009-of-00012.jsonl,3667,mathLab__EZyRB-213,mathLab__EZyRB,swe-agent-llama-70b,True,submitted (exit_context),LOO error is an absolute error,97,48,46,40+,0.958333,389.93,edit|inspect|other|test,1960,3124,97.375,matched success/failure trajectory for the same task and model
CASE-0170,paired,P59,train-00009-of-00012.jsonl,3675,mathLab__EZyRB-213,mathLab__EZyRB,swe-agent-llama-70b,False,submitted (exit_context),LOO error is an absolute error,73,36,31,20-39,0.861111,402.9,edit|inspect|other|test,1763,3058,91.417,matched success/failure trajectory for the same task and model
CASE-0171,paired,P60,train-00003-of-00012.jsonl,3911,rigetti__pyquil-1694,rigetti__pyquil,swe-agent-llama-70b,True,submitted,Bug: QPU.execution_options not used for QPU.retrieve_results,89,44,43,40+,0.977273,270.93,edit|inspect|other|test,1414,2013,95.4,matched success/failure trajectory for the same task and model
CASE-0172,paired,P60,train-00003-of-00012.jsonl,3913,rigetti__pyquil-1694,rigetti__pyquil,swe-agent-llama-70b,False,submitted (exit_context),Bug: QPU.execution_options not used for QPU.retrieve_results,65,32,31,20-39,0.96875,363.06,edit|inspect|other|test,2809,2563,93.031,matched success/failure trajectory for the same task and model
CASE-0173,paired,P61,train-00008-of-00012.jsonl,6187,cunla__fakeredis-py-109,cunla__fakeredis-py,swe-agent-llama-70b,True,submitted,AttributeError: 'FakeSocket' object has no attribute '_type',89,44,43,40+,0.977273,240.56,edit|inspect|other|run,1377,16522,90.532,matched success/failure trajectory for the same task and model
CASE-0174,paired,P61,train-00008-of-00012.jsonl,6193,cunla__fakeredis-py-109,cunla__fakeredis-py,swe-agent-llama-70b,False,submitted,AttributeError: 'FakeSocket' object has no attribute '_type',79,39,38,20-39,0.974359,311.05,edit|inspect|other|run|test,3238,16578,97.503,matched success/failure trajectory for the same task and model
CASE-0175,paired,P62,train-00006-of-00012.jsonl,4661,pydicom__pydicom-1031,pydicom__pydicom,swe-agent-llama-70b,True,submitted (exit_context),Crash writing DICOM with 1.4.0,133,66,62,40+,0.939394,324.82,edit|inspect|other|run|test,2276,84110,96.371,matched success/failure trajectory for the same task and model
CASE-0176,paired,P62,train-00006-of-00012.jsonl,4679,pydicom__pydicom-1031,pydicom__pydicom,swe-agent-llama-70b,False,submitted (exit_context),Crash writing DICOM with 1.4.0,101,50,48,40+,0.96,381.5,edit|inspect|other|run,1377,84096,93.4,matched success/failure trajectory for the same task and model
CASE-0177,paired,P63,train-00002-of-00012.jsonl,3401,Textualize__textual-441,Textualize__textual,swe-agent-llama-70b,True,submitted,[textual][bug] CSS rule parsing fails when the name of the colour we pass contains a digit,69,34,33,20-39,0.970588,287.97,edit|inspect|other|test,1029,3263,92.287,matched success/failure trajectory for the same task and model
CASE-0178,paired,P63,train-00002-of-00012.jsonl,3364,Textualize__textual-441,Textualize__textual,swe-agent-llama-70b,False,submitted,[textual][bug] CSS rule parsing fails when the name of the colour we pass contains a digit,123,61,60,40+,0.983607,290.28,edit|inspect|other|run|test,1971,2464,96.048,matched success/failure trajectory for the same task and model
CASE-0179,paired,P64,train-00000-of-00012.jsonl,1738,eEcoLiDAR__laserchicken-135,eEcoLiDAR__laserchicken,swe-agent-llama-70b,True,submitted (exit_context),density absolute mean bug,93,46,43,40+,0.934783,253.33,edit|inspect|test,3205,2526,92.26,matched success/failure trajectory for the same task and model
CASE-0180,paired,P64,train-00000-of-00012.jsonl,1739,eEcoLiDAR__laserchicken-135,eEcoLiDAR__laserchicken,swe-agent-llama-70b,False,submitted (exit_context),density absolute mean bug,73,36,35,20-39,0.972222,391.6,edit|inspect|other|test,3400,2743,95.083,matched success/failure trajectory for the same task and model
CASE-0181,paired,P65,train-00004-of-00012.jsonl,545,fronzbot__blinkpy-401,fronzbot__blinkpy,swe-agent-llama-70b,True,submitted (exit_context),Exception on blink.refresh,147,73,72,40+,0.986301,356.9,edit|inspect|other|run,1276,3660,91.795,matched success/failure trajectory for the same task and model
CASE-0182,paired,P65,train-00004-of-00012.jsonl,544,fronzbot__blinkpy-401,fronzbot__blinkpy,swe-agent-llama-70b,False,submitted,Exception on blink.refresh,101,50,49,40+,0.98,500.76,edit|inspect|other|run|test,812,3657,99.7,matched success/failure trajectory for the same task and model
CASE-0183,paired,P66,train-00010-of-00012.jsonl,1935,stephantul__reach-23,stephantul__reach,swe-agent-llama-70b,True,submitted,Fix bug: adding <UNK> resets dtype,63,31,30,20-39,0.967742,237.33,edit|inspect|other|test,513,2090,89.297,matched success/failure trajectory for the same task and model
CASE-0184,paired,P66,train-00010-of-00012.jsonl,1939,stephantul__reach-23,stephantul__reach,swe-agent-llama-70b,False,submitted,Fix bug: adding <UNK> resets dtype,83,41,40,40+,0.97561,311.07,edit|inspect|other|run|test,686,2132,98.522,matched success/failure trajectory for the same task and model
CASE-0185,paired,P67,train-00008-of-00012.jsonl,1388,DCC-Lab__RayTracing-180,DCC-Lab__RayTracing,swe-agent-llama-70b,True,submitted,EigenModes of LaserPath fails with exception when C = 0,75,37,36,20-39,0.972973,229.17,edit|inspect|other|test,2407,2558,92.142,matched success/failure trajectory for the same task and model
CASE-0186,paired,P67,train-00008-of-00012.jsonl,1365,DCC-Lab__RayTracing-180,DCC-Lab__RayTracing,swe-agent-llama-70b,False,submitted (exit_context),EigenModes of LaserPath fails with exception when C = 0,93,46,45,40+,0.978261,360.04,edit|inspect|test,1219,2471,95.674,matched success/failure trajectory for the same task and model
CASE-0187,paired,P68,train-00002-of-00012.jsonl,5334,kodemore__kink-43,kodemore__kink,swe-agent-llama-70b,True,submitted,cannot alias a factory service with inject,81,40,39,20-39,0.975,241.49,edit|inspect|other|run|test,1137,2322,96.025,matched success/failure trajectory for the same task and model
CASE-0188,paired,P68,train-00002-of-00012.jsonl,5345,kodemore__kink-43,kodemore__kink,swe-agent-llama-70b,False,submitted (exit_context),cannot alias a factory service with inject,81,40,36,20-39,0.9,285.44,edit|inspect|run|test,5212,2323,92.655,matched success/failure trajectory for the same task and model
CASE-0189,paired,P69,train-00005-of-00012.jsonl,5965,reata__sqllineage-107,reata__sqllineage,swe-agent-llama-70b,True,submitted,Incorrect Result for UPDATE statement,97,48,47,40+,0.979167,331.0,edit|inspect|run,5189,3065,91.145,matched success/failure trajectory for the same task and model
CASE-0190,paired,P69,train-00005-of-00012.jsonl,5959,reata__sqllineage-107,reata__sqllineage,swe-agent-llama-70b,False,submitted (exit_context),Incorrect Result for UPDATE statement,67,33,32,20-39,0.969697,399.0,edit|inspect|other|run|test,3793,3505,95.545,matched success/failure trajectory for the same task and model
CASE-0191,paired,P70,train-00007-of-00012.jsonl,2869,RDFLib__rdflib-2474,RDFLib__rdflib,swe-agent-llama-70b,True,submitted,Separator in group_concat function with explicit empty string incorrectly defaults to 'space' character,73,36,35,20-39,0.972222,649.31,edit|inspect|other|run,643,6069,91.083,matched success/failure trajectory for the same task and model
CASE-0192,paired,P70,train-00007-of-00012.jsonl,2861,RDFLib__rdflib-2474,RDFLib__rdflib,swe-agent-llama-70b,False,submitted (exit_context),Separator in group_concat function with explicit empty string incorrectly defaults to 'space' character,111,55,54,40+,0.981818,299.33,edit|inspect|other|run|test,1344,6254,96.28,matched success/failure trajectory for the same task and model
CASE-0193,paired,P71,train-00004-of-00012.jsonl,2041,drvinceknight__nbchkr-19,drvinceknight__nbchkr,swe-agent-llama-70b,True,submitted (exit_context),Fix the regex for solutions here.,103,51,50,40+,0.980392,214.86,edit|inspect|test,1571,2566,91.845,matched success/failure trajectory for the same task and model
CASE-0194,paired,P71,train-00004-of-00012.jsonl,2024,drvinceknight__nbchkr-19,drvinceknight__nbchkr,swe-agent-llama-70b,False,submitted (exit_context),Fix the regex for solutions here.,79,39,38,20-39,0.974359,370.95,edit|inspect|test,1083,2489,94.615,matched success/failure trajectory for the same task and model
CASE-0195,paired,P72,train-00009-of-00012.jsonl,2162,PyPSA__PyPSA-784,PyPSA__PyPSA,swe-agent-llama-70b,True,submitted,import_from_netcdf fails when importing from an XArray instance,67,33,32,20-39,0.969697,317.88,edit|inspect|other|run|test,1611,1824,94.628,matched success/failure trajectory for the same task and model
CASE-0196,paired,P72,train-00009-of-00012.jsonl,2154,PyPSA__PyPSA-784,PyPSA__PyPSA,swe-agent-llama-70b,False,submitted (exit_context),import_from_netcdf fails when importing from an XArray instance,117,58,57,40+,0.982759,349.46,edit|inspect|other|run,2805,2371,91.726,matched success/failure trajectory for the same task and model
CASE-0197,paired,P73,train-00010-of-00012.jsonl,53,mwouts__jupytext-368,mwouts__jupytext,swe-agent-llama-70b,True,submitted (exit_context),.md round-tripping Broken on %%python3 magic,81,40,39,20-39,0.975,489.33,edit|inspect|other,163,3927,91.125,matched success/failure trajectory for the same task and model
CASE-0198,paired,P73,train-00010-of-00012.jsonl,38,mwouts__jupytext-368,mwouts__jupytext,swe-agent-llama-70b,False,submitted (exit_context),.md round-tripping Broken on %%python3 magic,81,40,39,20-39,0.975,445.38,edit|inspect|other|test,3596,4311,97.125,matched success/failure trajectory for the same task and model
CASE-0199,paired,P74,train-00002-of-00012.jsonl,3632,celery__py-amqp-357,celery__py-amqp,swe-agent-llama-70b,True,submitted,[BUG] Cannot set cert_reqs=ssl.CERT_NONE due to order of context modification in _wrap_socker_sni,123,61,60,40+,0.983607,315.43,edit|inspect|other|run,956,7240,90.766,matched success/failure trajectory for the same task and model
CASE-0200,paired,P74,train-00002-of-00012.jsonl,3608,celery__py-amqp-357,celery__py-amqp,swe-agent-llama-70b,False,submitted (exit_context),[BUG] Cannot set cert_reqs=ssl.CERT_NONE due to order of context modification in _wrap_socker_sni,97,48,47,40+,0.979167,476.87,edit|inspect|other|test,2541,7411,97.688,matched success/failure trajectory for the same task and model
CASE-0201,paired,P75,train-00009-of-00012.jsonl,183,mie-lab__trackintel-408,mie-lab__trackintel,swe-agent-llama-70b,True,submitted,Bug in location_identifier for pre_filter=False and non-serial index,85,42,40,40+,0.952381,319.43,edit|inspect|other|test,642,7252,96.412,matched success/failure trajectory for the same task and model
CASE-0202,paired,P75,train-00009-of-00012.jsonl,130,mie-lab__trackintel-408,mie-lab__trackintel,swe-agent-llama-70b,False,submitted,Bug in location_identifier for pre_filter=False and non-serial index,67,33,30,20-39,0.909091,457.8,edit|inspect|test,3012,9658,89.636,matched success/failure trajectory for the same task and model
CASE-0203,paired,P76,train-00011-of-00012.jsonl,2076,python-cmd2__cmd2-1069,python-cmd2__cmd2,swe-agent-llama-70b,True,submitted,Argparse choices can't be CompletionItems,45,22,21,20-39,0.954545,558.86,edit|inspect|other|test,636,16463,87.818,matched success/failure trajectory for the same task and model
CASE-0204,paired,P76,train-00011-of-00012.jsonl,2071,python-cmd2__cmd2-1069,python-cmd2__cmd2,swe-agent-llama-70b,False,submitted,Argparse choices can't be CompletionItems,93,46,45,40+,0.978261,291.69,edit|inspect|other|run|test,1944,16603,98.008,matched success/failure trajectory for the same task and model
CASE-0205,paired,P77,train-00003-of-00012.jsonl,2271,marshmallow-code__webargs-541,marshmallow-code__webargs,swe-agent-llama-70b,True,submitted,Failing to (re)raise an error when handling validation errors should raise a new error,47,23,22,20-39,0.956522,415.09,edit|inspect|other|test,628,12781,88.348,matched success/failure trajectory for the same task and model
CASE-0206,paired,P77,train-00003-of-00012.jsonl,2265,marshmallow-code__webargs-541,marshmallow-code__webargs,swe-agent-llama-70b,False,submitted (exit_context),Failing to (re)raise an error when handling validation errors should raise a new error,81,40,39,20-39,0.975,482.62,edit|inspect|other|run|test,3025,13739,99.125,matched success/failure trajectory for the same task and model
CASE-0207,paired,P78,train-00000-of-00012.jsonl,2130,konradhalas__dacite-216,konradhalas__dacite,swe-agent-llama-70b,True,submitted,Incorrect work when using field with default_factory,81,40,33,20-39,0.825,386.88,edit|inspect|other|run|test,2949,3189,93.875,matched success/failure trajectory for the same task and model
CASE-0208,paired,P78,train-00000-of-00012.jsonl,2149,konradhalas__dacite-216,konradhalas__dacite,swe-agent-llama-70b,False,submitted (exit_context),Incorrect work when using field with default_factory,93,46,45,40+,0.978261,524.24,edit|inspect|run,497,2911,91.674,matched success/failure trajectory for the same task and model
CASE-0209,paired,P79,train-00005-of-00012.jsonl,491,microsoft__torchgeo-675,microsoft__torchgeo,swe-agent-llama-70b,True,submitted,VectorDataset incorrect sample shape,79,39,38,20-39,0.974359,279.18,edit|inspect|other|run|test,4188,6292,96.592,matched success/failure trajectory for the same task and model
CASE-0210,paired,P79,train-00005-of-00012.jsonl,482,microsoft__torchgeo-675,microsoft__torchgeo,swe-agent-llama-70b,False,submitted,VectorDataset incorrect sample shape,59,29,28,20-39,0.965517,267.04,edit|inspect|other|run|test,1297,5847,91.112,matched success/failure trajectory for the same task and model
CASE-0211,paired,P80,train-00003-of-00012.jsonl,74,python-metar__python-metar-152,python-metar__python-metar,swe-agent-llama-70b,True,submitted (exit_context),Parser allows invalid format of temperature group,95,47,46,40+,0.978723,159.35,edit|inspect|other|test,6691,5160,92.234,matched success/failure trajectory for the same task and model
CASE-0212,paired,P80,train-00003-of-00012.jsonl,53,python-metar__python-metar-152,python-metar__python-metar,swe-agent-llama-70b,False,submitted (exit_context),Parser allows invalid format of temperature group,85,42,41,40+,0.97619,330.71,edit|inspect|test,1879,5436,95.092,matched success/failure trajectory for the same task and model
CASE-0213,paired,P81,train-00009-of-00012.jsonl,5528,pysal__esda-235,pysal__esda,swe-agent-llama-70b,True,submitted (exit_context),Bug: ADBSCAN.fit is broken,63,31,30,20-39,0.967742,268.97,edit|inspect|other|test,1002,3989,90.201,matched success/failure trajectory for the same task and model
CASE-0214,paired,P81,train-00009-of-00012.jsonl,5522,pysal__esda-235,pysal__esda,swe-agent-llama-70b,False,submitted,Bug: ADBSCAN.fit is broken,89,44,43,40+,0.977273,270.84,edit|inspect|other|test,1212,2906,95.397,matched success/failure trajectory for the same task and model
CASE-0215,paired,P82,train-00006-of-00012.jsonl,6309,swar__nba_api-286,swar__nba_api,swe-agent-llama-70b,True,submitted,[Bug]: cannot import name 'team_index_championship_year' from 'nba_api.stats.library.data',61,30,28,20-39,0.933333,323.29,edit|inspect|other|run|test,1393,1542,92.237,matched success/failure trajectory for the same task and model
CASE-0216,paired,P82,train-00006-of-00012.jsonl,6306,swar__nba_api-286,swar__nba_api,swe-agent-llama-70b,False,submitted (exit_context),[Bug]: cannot import name 'team_index_championship_year' from 'nba_api.stats.library.data',91,45,44,40+,0.977778,557.95,edit|inspect|other|run,267,1983,93.667,matched success/failure trajectory for the same task and model
CASE-0217,paired,P83,train-00000-of-00012.jsonl,4146,lucidsushi__gs_pip_install-132,lucidsushi__gs_pip_install,swe-agent-llama-70b,True,submitted (exit_context),Path error when specifying extras,125,62,61,40+,0.983871,323.05,edit|inspect|other|test,1742,3021,94.988,matched success/failure trajectory for the same task and model
CASE-0218,paired,P83,train-00000-of-00012.jsonl,4134,lucidsushi__gs_pip_install-132,lucidsushi__gs_pip_install,swe-agent-llama-70b,False,submitted,Path error when specifying extras,63,31,26,20-39,0.83871,390.96,edit|inspect|other|run|test,869,2827,90.581,matched success/failure trajectory for the same task and model
CASE-0219,paired,P84,train-00006-of-00012.jsonl,3848,asottile__pyupgrade-380,asottile__pyupgrade,swe-agent-llama-70b,True,submitted,Fails to run on python3.9,185,92,91,40+,0.98913,162.0,edit|inspect|other|run|test,24690,2827,92.466,matched success/failure trajectory for the same task and model
CASE-0220,paired,P84,train-00006-of-00012.jsonl,3832,asottile__pyupgrade-380,asottile__pyupgrade,swe-agent-llama-70b,False,submitted (exit_context),Fails to run on python3.9,79,39,38,20-39,0.974359,582.11,edit|inspect|other|run,969,3125,92.615,matched success/failure trajectory for the same task and model
CASE-0221,paired,P85,train-00001-of-00012.jsonl,225,RDFLib__rdflib-2160,RDFLib__rdflib,swe-agent-llama-70b,True,submitted,can't get rid of default prefix definition in trig serialization,79,39,37,20-39,0.948718,329.19,edit|inspect|other|run,1117,2340,91.136,matched success/failure trajectory for the same task and model
CASE-0222,paired,P85,train-00001-of-00012.jsonl,201,RDFLib__rdflib-2160,RDFLib__rdflib,swe-agent-llama-70b,False,submitted,can't get rid of default prefix definition in trig serialization,115,57,56,40+,0.982456,282.82,edit|inspect|other|run|test,2732,2720,95.817,matched success/failure trajectory for the same task and model
CASE-0223,paired,P86,train-00001-of-00012.jsonl,474,d3dave__cough-3,d3dave__cough,swe-agent-llama-70b,True,submitted (exit_context),Exception when adding an uninitialized section before an initialized section,81,40,39,20-39,0.975,505.31,edit|inspect|test,3498,1870,95.125,matched success/failure trajectory for the same task and model
CASE-0224,paired,P86,train-00001-of-00012.jsonl,455,d3dave__cough-3,d3dave__cough,swe-agent-llama-70b,False,submitted,Exception when adding an uninitialized section before an initialized section,65,32,31,20-39,0.96875,317.45,edit|inspect|other|test,1823,1828,92.101,matched success/failure trajectory for the same task and model
CASE-0225,paired,P87,train-00003-of-00012.jsonl,2254,magmax__python-inquirer-526,magmax__python-inquirer,swe-agent-llama-70b,True,submitted,Tuples as list choices can't be hashed when containing a dict,75,37,36,20-39,0.972973,266.31,edit|inspect|other|run|test,2698,3347,95.203,matched success/failure trajectory for the same task and model
CASE-0226,paired,P87,train-00003-of-00012.jsonl,2253,magmax__python-inquirer-526,magmax__python-inquirer,swe-agent-llama-70b,False,submitted (exit_context),Tuples as list choices can't be hashed when containing a dict,93,46,45,40+,0.978261,248.64,edit|inspect|other|run,3502,3091,90.778,matched success/failure trajectory for the same task and model
CASE-0227,paired,P88,train-00002-of-00012.jsonl,808,canonical__operator-1024,canonical__operator,swe-agent-llama-70b,True,submitted (exit_context),pull_path doesn't retrieve empty directories,67,33,31,20-39,0.939394,270.03,edit|inspect|other|test,8801,32022,90.306,matched success/failure trajectory for the same task and model
CASE-0228,paired,P88,train-00002-of-00012.jsonl,813,canonical__operator-1024,canonical__operator,swe-agent-llama-70b,False,submitted,pull_path doesn't retrieve empty directories,79,39,38,20-39,0.974359,338.21,edit|inspect|other|test,2331,32160,96.279,matched success/failure trajectory for the same task and model
CASE-0229,paired,P89,train-00001-of-00012.jsonl,1490,testing-cabal__systemfixtures-9,testing-cabal__systemfixtures,swe-agent-llama-70b,True,submitted,shutil.copytree to an overlayed dir fails under Python 3.8,85,42,41,40+,0.97619,248.73,edit|inspect|other|test,588,3276,94.749,matched success/failure trajectory for the same task and model
CASE-0230,paired,P89,train-00001-of-00012.jsonl,1474,testing-cabal__systemfixtures-9,testing-cabal__systemfixtures,swe-agent-llama-70b,False,submitted (exit_context),shutil.copytree to an overlayed dir fails under Python 3.8,81,40,39,20-39,0.975,320.97,edit|inspect|run,5271,3344,90.296,matched success/failure trajectory for the same task and model
CASE-0231,paired,P90,train-00008-of-00012.jsonl,3921,lundberg__respx-206,lundberg__respx,swe-agent-llama-70b,True,submitted,Cannot create a lookup to match empty params,49,24,23,20-39,0.958333,408.43,edit|inspect|other|test,1596,13173,88.875,matched success/failure trajectory for the same task and model
CASE-0232,paired,P90,train-00008-of-00012.jsonl,3947,lundberg__respx-206,lundberg__respx,swe-agent-llama-70b,False,submitted (exit_context),Cannot create a lookup to match empty params,105,52,51,40+,0.980769,388.24,edit|inspect|other|test,1358,13231,95.712,matched success/failure trajectory for the same task and model
CASE-0233,paired,P91,train-00009-of-00012.jsonl,5202,numpy__numpydoc-433,numpy__numpydoc,swe-agent-llama-70b,True,submitted,BUG: Numpydoc doesn't render attributes decorated with `cached_property` in the Attributes section,81,40,39,20-39,0.975,240.0,edit|inspect|other|run|test,959,5766,95.982,matched success/failure trajectory for the same task and model
CASE-0234,paired,P91,train-00009-of-00012.jsonl,5229,numpy__numpydoc-433,numpy__numpydoc,swe-agent-llama-70b,False,submitted (exit_context),BUG: Numpydoc doesn't render attributes decorated with `cached_property` in the Attributes section,91,45,44,40+,0.977778,250.41,edit|inspect|other,274,5767,88.821,matched success/failure trajectory for the same task and model
CASE-0235,paired,P92,train-00006-of-00012.jsonl,3357,tenable__pyTenable-664,tenable__pyTenable,swe-agent-llama-70b,True,submitted,Crash when pagination value is null in JSON response,55,27,26,20-39,0.962963,477.04,edit|inspect|other|test,1258,2321,90.444,matched success/failure trajectory for the same task and model
CASE-0236,paired,P92,train-00006-of-00012.jsonl,3347,tenable__pyTenable-664,tenable__pyTenable,swe-agent-llama-70b,False,submitted (exit_context),Crash when pagination value is null in JSON response,99,49,48,40+,0.979592,381.23,edit|inspect|other|run,659,2262,93.694,matched success/failure trajectory for the same task and model
CASE-0237,paired,P93,train-00010-of-00012.jsonl,3377,antirotor__speedcopy-6,antirotor__speedcopy,swe-agent-llama-70b,True,submitted (exit_context),Copying doesn't work if non-absolute filenames supplied,71,35,34,20-39,0.971429,361.26,edit|inspect|other|run,3871,1837,90.571,matched success/failure trajectory for the same task and model
CASE-0238,paired,P93,train-00010-of-00012.jsonl,3387,antirotor__speedcopy-6,antirotor__speedcopy,swe-agent-llama-70b,False,submitted (exit_context),Copying doesn't work if non-absolute filenames supplied,255,127,126,40+,0.992126,207.79,edit|inspect|other|run|test,1405,2048,93.819,matched success/failure trajectory for the same task and model
CASE-0239,paired,P94,train-00010-of-00012.jsonl,3518,bryanyang0528__ksql-python-73,bryanyang0528__ksql-python,swe-agent-llama-70b,True,submitted,client.ksql('show tables') returns error 'not all arguments converted during string formatting',67,33,31,20-39,0.939394,270.77,edit|inspect|other|run|test,1974,7197,92.327,matched success/failure trajectory for the same task and model
CASE-0240,paired,P94,train-00010-of-00012.jsonl,3495,bryanyang0528__ksql-python-73,bryanyang0528__ksql-python,swe-agent-llama-70b,False,submitted (exit_context),client.ksql('show tables') returns error 'not all arguments converted during string formatting',103,51,50,40+,0.980392,364.32,edit|inspect|run,486,7066,91.706,matched success/failure trajectory for the same task and model
CASE-0241,paired,P95,train-00004-of-00012.jsonl,842,kytos__python-openflow-225,kytos__python-openflow,swe-agent-llama-70b,True,submitted,Fix Header's random xid,61,30,29,20-39,0.966667,238.83,edit|inspect|other|test,912,2086,88.824,matched success/failure trajectory for the same task and model
CASE-0242,paired,P95,train-00004-of-00012.jsonl,834,kytos__python-openflow-225,kytos__python-openflow,swe-agent-llama-70b,False,submitted (exit_context),Fix Header's random xid,99,49,48,40+,0.979592,254.4,edit|inspect|other|test,2705,2518,94.962,matched success/failure trajectory for the same task and model
CASE-0243,paired,P96,train-00010-of-00012.jsonl,660,reata__sqllineage-63,reata__sqllineage,swe-agent-llama-70b,True,submitted,subquery without alias raises exception,57,28,27,20-39,0.964286,382.44,edit|inspect|other|test,2128,3133,90.964,matched success/failure trajectory for the same task and model
CASE-0244,paired,P96,train-00010-of-00012.jsonl,631,reata__sqllineage-63,reata__sqllineage,swe-agent-llama-70b,False,submitted,subquery without alias raises exception,69,34,33,20-39,0.970588,350.94,edit|inspect|other|run|test,3047,3348,96.059,matched success/failure trajectory for the same task and model
CASE-0245,paired,P97,train-00005-of-00012.jsonl,5660,modernatx__seqlike-76,modernatx__seqlike,swe-agent-llama-70b,True,submitted (exit_context),fix codons_table bug,103,51,50,40+,0.980392,341.62,edit|inspect|run,1738,4052,91.466,matched success/failure trajectory for the same task and model
CASE-0246,paired,P97,train-00005-of-00012.jsonl,5626,modernatx__seqlike-76,modernatx__seqlike,swe-agent-llama-70b,False,submitted (exit_context),fix codons_table bug,79,39,38,20-39,0.974359,358.58,edit|inspect|other|run,1454,3095,92.615,matched success/failure trajectory for the same task and model
CASE-0247,paired,P98,train-00004-of-00012.jsonl,913,mapbox__mapbox-sdk-py-128,mapbox__mapbox-sdk-py,swe-agent-llama-70b,True,submitted,Encoded polylines in wrong coordinate order,49,24,23,20-39,0.958333,452.39,edit|inspect|other|test,1985,2536,88.875,matched success/failure trajectory for the same task and model
CASE-0248,paired,P98,train-00004-of-00012.jsonl,918,mapbox__mapbox-sdk-py-128,mapbox__mapbox-sdk-py,swe-agent-llama-70b,False,submitted (exit_context),Encoded polylines in wrong coordinate order,81,40,39,20-39,0.975,340.69,edit|inspect|other|test,3347,2666,96.859,matched success/failure trajectory for the same task and model
CASE-0249,paired,P99,train-00008-of-00012.jsonl,1427,RPing__influx-prompt-17,RPing__influx-prompt,swe-agent-llama-70b,True,submitted,Empty values bug,83,41,40,40+,0.97561,379.48,edit|inspect|other|test,604,2576,97.634,matched success/failure trajectory for the same task and model
CASE-0250,paired,P99,train-00008-of-00012.jsonl,1458,RPing__influx-prompt-17,RPing__influx-prompt,swe-agent-llama-70b,False,submitted,Empty values bug,133,66,65,40+,0.984848,317.38,edit|inspect|run,2305,3334,88.841,matched success/failure trajectory for the same task and model
CASE-0251,diversity,,train-00000-of-00012.jsonl,2368,tempoCollaboration__OQuPy-74,tempoCollaboration__OQuPy,swe-agent-llama-405b,True,submitted,Bug when loading a process tensor from file,29,14,13,10-19,0.928571,284.62,edit|inspect|other|run,631,1689,75.561,high-quality stratified sample adding task/model/length diversity
CASE-0252,diversity,,train-00000-of-00012.jsonl,924,ppizarror__pygame-menu-357,ppizarror__pygame-menu,swe-agent-llama-405b,True,submitted (exit_context),RangeSlider assertion error when modifying minimum range value,75,37,35,20-39,0.945946,251.03,edit|inspect|other|run,1432,3609,87.861,high-quality stratified sample adding task/model/length diversity
CASE-0253,diversity,,train-00000-of-00012.jsonl,968,ppizarror__pygame-menu-357,ppizarror__pygame-menu,swe-agent-llama-405b,True,submitted (exit_context),RangeSlider assertion error when modifying minimum range value,75,37,36,20-39,0.972973,186.75,edit|inspect|other|run,1826,3472,86.93,high-quality stratified sample adding task/model/length diversity
CASE-0254,diversity,,train-00003-of-00012.jsonl,5100,pydantic__pydantic-4329,pydantic__pydantic,swe-agent-llama-405b,True,submitted,Serialization -> de-serialisation fails for small timedelta (< 100 microseconds),27,13,12,10-19,0.923077,222.75,edit|inspect|other|run,459,13599,73.21,high-quality stratified sample adding task/model/length diversity
CASE-0255,diversity,,train-00004-of-00012.jsonl,4280,pydantic__pydantic-6194,pydantic__pydantic,swe-agent-llama-405b,True,submitted,Validating a dict value agains a Literal type gives the wrong ValidationError,29,14,13,10-19,0.928571,217.46,edit|inspect|other|run,528,9757,73.642,high-quality stratified sample adding task/model/length diversity
CASE-0256,diversity,,train-00006-of-00012.jsonl,1448,cloudevents__sdk-python-172,cloudevents__sdk-python,swe-agent-llama-405b,True,submitted,__eq__ operator raises attribute error on non-cloudevent values,23,11,10,10-19,0.909091,311.0,edit|inspect|other|run,601,4630,74.522,high-quality stratified sample adding task/model/length diversity
CASE-0257,diversity,,train-00008-of-00012.jsonl,3391,brightway-lca__brightway2-analyzer-19,brightway-lca__brightway2-analyzer,swe-agent-llama-405b,True,submitted (exit_context),Invalid sorting for Contribution results when top contributors are negative (Absolute values),57,28,27,20-39,0.964286,408.74,edit|inspect|test,1343,2610,88.964,high-quality stratified sample adding task/model/length diversity
CASE-0258,diversity,,train-00008-of-00012.jsonl,3465,brightway-lca__brightway2-analyzer-19,brightway-lca__brightway2-analyzer,swe-agent-llama-405b,True,submitted,Invalid sorting for Contribution results when top contributors are negative (Absolute values),37,18,17,10-19,0.944444,259.94,edit|inspect|other|run|test,584,2531,85.094,high-quality stratified sample adding task/model/length diversity
CASE-0259,diversity,,train-00009-of-00012.jsonl,4038,pydantic__pydantic-4568,pydantic__pydantic,swe-agent-llama-405b,True,submitted,"Optional[conlist(..., unique_items=True)] raises exception if value is None",43,21,20,20-39,0.952381,199.75,edit|inspect|other|run,569,9307,78.993,high-quality stratified sample adding task/model/length diversity
CASE-0260,diversity,,train-00009-of-00012.jsonl,5382,pydantic__pydantic-3594,pydantic__pydantic,swe-agent-llama-405b,True,submitted,Error in mypy plugin reading config from pyproject.toml with mypy >= 0.920,35,17,16,10-19,0.941176,219.69,edit|inspect|other|run,570,3891,77.394,high-quality stratified sample adding task/model/length diversity
CASE-0261,diversity,,train-00011-of-00012.jsonl,3119,nipy__nipype-3325,nipy__nipype,swe-agent-llama-405b,True,submitted,"fsl randomise f_only flag contains typo, can't work",71,35,34,20-39,0.971429,230.41,edit|inspect|other|run,977,2004,87.155,high-quality stratified sample adding task/model/length diversity
CASE-0262,diversity,,train-00011-of-00012.jsonl,3160,nipy__nipype-3325,nipy__nipype,swe-agent-llama-405b,True,submitted,"fsl randomise f_only flag contains typo, can't work",39,19,18,10-19,0.947368,265.17,edit|inspect|other|test,649,1874,83.787,high-quality stratified sample adding task/model/length diversity
CASE-0263,diversity,,train-00000-of-00012.jsonl,1101,python-visualization__folium-1633,python-visualization__folium,swe-agent-llama-70b,True,submitted,map.get_bounds() fails for map with GeometryCollection,81,40,39,20-39,0.975,225.49,edit|inspect|other|run,1252,3549,89.568,high-quality stratified sample adding task/model/length diversity
CASE-0264,diversity,,train-00000-of-00012.jsonl,3169,microsoft__electionguard-python-83,microsoft__electionguard-python,swe-agent-llama-70b,True,submitted,error handling for words.py,33,16,15,10-19,0.9375,427.13,edit|inspect|other|test,793,1855,84.562,high-quality stratified sample adding task/model/length diversity
CASE-0265,diversity,,train-00000-of-00012.jsonl,3900,iamjackg__md2cf-97,iamjackg__md2cf,swe-agent-llama-70b,True,submitted,Link parsing fails for document references,37,18,17,10-19,0.944444,382.47,edit|inspect|other|test,1702,3937,85.667,high-quality stratified sample adding task/model/length diversity
CASE-0266,diversity,,train-00000-of-00012.jsonl,625,just-work__fffw-100,just-work__fffw,swe-agent-llama-70b,True,submitted,Trim sets incorrect duration,33,16,15,10-19,0.9375,397.73,edit|inspect|other|test,720,2802,84.562,high-quality stratified sample adding task/model/length diversity
CASE-0267,diversity,,train-00001-of-00012.jsonl,1414,robmarkcole__HASS-data-detective-71,robmarkcole__HASS-data-detective,swe-agent-llama-70b,True,submitted,db_url_from_hass_config to error out when no recorder section found and DB file doesn't exist,35,17,16,10-19,0.941176,325.06,edit|inspect|other|test,747,1833,84.405,high-quality stratified sample adding task/model/length diversity
CASE-0268,diversity,,train-00001-of-00012.jsonl,144,NCAS-CMS__cfdm-158,NCAS-CMS__cfdm,swe-agent-llama-70b,True,submitted (exit_context),File name expansions do not work in `cfdm.write`,73,36,35,20-39,0.972222,301.71,edit|inspect|other|run,1290,3103,89.704,high-quality stratified sample adding task/model/length diversity
CASE-0269,diversity,,train-00001-of-00012.jsonl,1870,bids-standard__pybids-492,bids-standard__pybids,swe-agent-llama-70b,True,submitted,layout.get doesn't find any entities when passed a numpy.int64 value for run,45,22,18,10-19,0.818182,257.89,edit|inspect|other|run|test,1836,4475,83.641,high-quality stratified sample adding task/model/length diversity
CASE-0270,diversity,,train-00001-of-00012.jsonl,2031,fnl__syntok-17,fnl__syntok,swe-agent-llama-70b,True,submitted,Bug in not-contraction handling code,39,19,18,10-19,0.947368,216.0,edit|inspect|other|run|test,933,2829,84.382,high-quality stratified sample adding task/model/length diversity
CASE-0271,diversity,,train-00001-of-00012.jsonl,2293,john-kurkowski__tldextract-258,john-kurkowski__tldextract,swe-agent-llama-70b,True,submitted,"""update"" caches public suffix list to wrong directory",39,19,17,10-19,0.894737,353.41,edit|inspect|other|test,497,1763,84.921,high-quality stratified sample adding task/model/length diversity
CASE-0272,diversity,,train-00001-of-00012.jsonl,3555,iris-hep__qastle-52,iris-hep__qastle,swe-agent-llama-70b,True,submitted,copies of LINQ nodes are broken,39,19,18,10-19,0.947368,310.22,edit|inspect|other|test,2641,3787,85.074,high-quality stratified sample adding task/model/length diversity
CASE-0273,diversity,,train-00001-of-00012.jsonl,5269,scrapy__scrapy-5384,scrapy__scrapy,swe-agent-llama-70b,True,submitted (exit_context),Type error when we try to retrieve the `FEEDS` setting via CLI and it has a `Path` objects as a key,111,55,54,40+,0.981818,376.17,edit|inspect|other,9900,3028,89.727,high-quality stratified sample adding task/model/length diversity
CASE-0274,diversity,,train-00001-of-00012.jsonl,5579,zalando-stups__senza-397,zalando-stups__senza,swe-agent-llama-70b,True,submitted,Discrepancy between README and error messages,39,19,18,10-19,0.947368,303.72,edit|inspect|test,874,2059,82.888,high-quality stratified sample adding task/model/length diversity
CASE-0275,diversity,,train-00001-of-00012.jsonl,5683,Backblaze__b2-sdk-python-433,Backblaze__b2-sdk-python,swe-agent-llama-70b,True,submitted,passing compiled regex results in AttributeError,49,24,22,20-39,0.916667,345.27,edit|inspect|other|run|test,1195,3058,89.615,high-quality stratified sample adding task/model/length diversity
CASE-0276,diversity,,train-00002-of-00012.jsonl,1822,sdispater__pendulum-726,sdispater__pendulum,swe-agent-llama-70b,True,submitted,Period inequality does not work as expected,37,18,17,10-19,0.944444,351.65,edit|inspect|other|run,642,1943,81.667,high-quality stratified sample adding task/model/length diversity
CASE-0277,diversity,,train-00002-of-00012.jsonl,2076,SethMMorton__natsort-143,SethMMorton__natsort,swe-agent-llama-70b,True,submitted,`os_sorted` fails to sort current directory,39,19,18,10-19,0.947368,355.11,edit|inspect|other|run,564,51127,82.211,high-quality stratified sample adding task/model/length diversity
CASE-0278,diversity,,train-00002-of-00012.jsonl,213,recurly__recurly-client-python-372,recurly__recurly-client-python,swe-agent-llama-70b,True,submitted,Error trying to cast error response,37,18,17,10-19,0.944444,278.18,edit|inspect|other|run,763,2130,79.615,high-quality stratified sample adding task/model/length diversity
CASE-0279,diversity,,train-00002-of-00012.jsonl,2353,crccheck__project_runpy-17,crccheck__project_runpy,swe-agent-llama-70b,True,submitted,SQL filter: TypeError: 'NoneType' object is not subscriptable,37,18,17,10-19,0.944444,320.0,edit|inspect|other|test,645,3579,84.81,high-quality stratified sample adding task/model/length diversity
CASE-0280,diversity,,train-00002-of-00012.jsonl,3507,asottile__pyupgrade-217,asottile__pyupgrade,swe-agent-llama-70b,True,submitted,IndexError: list index out of range,33,16,15,10-19,0.9375,335.4,edit|inspect|other|test,3400,8100,84.145,high-quality stratified sample adding task/model/length diversity
CASE-0281,diversity,,train-00002-of-00012.jsonl,4338,sendgrid__sendgrid-python-233,sendgrid__sendgrid-python,swe-agent-llama-70b,True,submitted (exit_context),Using .add_header()  raises a TypeError,133,66,65,40+,0.984848,283.25,edit|inspect|other|run,1442,1790,89.866,high-quality stratified sample adding task/model/length diversity
CASE-0282,diversity,,train-00002-of-00012.jsonl,4806,asottile__pyupgrade-438,asottile__pyupgrade,swe-agent-llama-70b,True,submitted (exit_context),`--py311-plus` option not working,57,28,27,20-39,0.964286,380.33,edit|inspect|other|test,783,2629,90.964,high-quality stratified sample adding task/model/length diversity
CASE-0283,diversity,,train-00002-of-00012.jsonl,5267,jjhelmus__nmrglue-216,jjhelmus__nmrglue,swe-agent-llama-70b,True,submitted,"Issue with ng.peakpick.pick for ""thres"" and ""thres-fast"" algorithms with Numpy ^v1.22",33,16,15,10-19,0.9375,305.27,edit|inspect|other|run|test,1166,2181,85.285,high-quality stratified sample adding task/model/length diversity
CASE-0284,diversity,,train-00002-of-00012.jsonl,5905,scikit-hep__scikit-hep-333,scikit-hep__scikit-hep,swe-agent-llama-70b,True,submitted,skhep.show_versions() is broken,39,19,18,10-19,0.947368,481.5,edit|inspect|other|run,1369,2867,82.211,high-quality stratified sample adding task/model/length diversity
CASE-0285,diversity,,train-00002-of-00012.jsonl,651,akolar__ogn-lib-18,akolar__ogn-lib,swe-agent-llama-70b,True,submitted,Capturs parser has invalid callsign,41,20,19,10-19,0.95,366.74,edit|inspect|other,347,6612,80.75,high-quality stratified sample adding task/model/length diversity
CASE-0286,diversity,,train-00003-of-00012.jsonl,3201,cuthbertLab__music21-960,cuthbertLab__music21,swe-agent-llama-70b,True,submitted,Tuplet setter doesn't inform client,41,20,19,10-19,0.95,284.21,edit|inspect|other|test,572,19221,84.87,high-quality stratified sample adding task/model/length diversity
CASE-0287,diversity,,train-00003-of-00012.jsonl,385,Bachmann1234__diff_cover-277,Bachmann1234__diff_cover,swe-agent-llama-70b,True,submitted,diff-quality fails with ValueError: invalid literal for int() with base 10: '470]',69,34,33,20-39,0.970588,382.45,edit|inspect|other|run|test,2261,9923,96.059,high-quality stratified sample adding task/model/length diversity
CASE-0288,diversity,,train-00003-of-00012.jsonl,4531,fairlearn__fairlearn-644,fairlearn__fairlearn,swe-agent-llama-70b,True,submitted,Creating group metric sets for regression fails,57,28,27,20-39,0.964286,250.74,edit|inspect|other|run|test,3692,62755,90.128,high-quality stratified sample adding task/model/length diversity
CASE-0289,diversity,,train-00003-of-00012.jsonl,5993,mps-gmbh__hl7-parser-27,mps-gmbh__hl7-parser,swe-agent-llama-70b,True,submitted (exit_context),Wrong index for IN1 cell `policy_number`,79,39,36,20-39,0.923077,336.56,edit|inspect|other|test,543,3231,94.462,high-quality stratified sample adding task/model/length diversity
CASE-0290,diversity,,train-00004-of-00012.jsonl,2913,scrapinghub__price-parser-31,scrapinghub__price-parser,swe-agent-llama-70b,True,submitted,"It can't parse Asian text currency like '원',  '円'.",41,20,19,10-19,0.95,319.89,edit|inspect|other|run|test,928,60328,87.89,high-quality stratified sample adding task/model/length diversity
CASE-0291,diversity,,train-00004-of-00012.jsonl,2993,zulip__zulip-terminal-1468,zulip__zulip-terminal,swe-agent-llama-70b,True,submitted (exit_context),[bug] crash when editing message,65,32,31,20-39,0.96875,216.39,edit|inspect|other|test,1839,33786,89.214,high-quality stratified sample adding task/model/length diversity
CASE-0292,diversity,,train-00004-of-00012.jsonl,3145,VirtusLab__git-machete-330,VirtusLab__git-machete,swe-agent-llama-70b,True,submitted,`AttributeError: 'str' object has no attribute 'full_name'` due to (?) mistyped `CommandLineOptions.opt_branch`,51,25,24,20-39,0.96,362.08,edit|inspect|other|test,546,6076,89.4,high-quality stratified sample adding task/model/length diversity
CASE-0293,diversity,,train-00005-of-00012.jsonl,1061,cloudpassage__cloudpassage-halo-python-sdk-195,cloudpassage__cloudpassage-halo-python-sdk,swe-agent-llama-70b,True,submitted (exit_context),New ID format fails validation,81,40,39,20-39,0.975,444.56,edit|inspect|run,2338,2836,91.125,high-quality stratified sample adding task/model/length diversity
CASE-0294,diversity,,train-00005-of-00012.jsonl,2277,Shopify__shopify_python_api-363,Shopify__shopify_python_api,swe-agent-llama-70b,True,submitted (exit_context),TypeError: not all arguments converted during string formatting in /resources/events.py,149,74,73,40+,0.986486,320.51,edit|inspect|run,776,1914,88.955,high-quality stratified sample adding task/model/length diversity
CASE-0295,diversity,,train-00005-of-00012.jsonl,2787,googlefonts__picosvg-240,googlefonts__picosvg,swe-agent-llama-70b,True,submitted,Failed to extract translation,39,19,18,10-19,0.947368,456.67,edit|inspect|other|run,435,11265,82.211,high-quality stratified sample adding task/model/length diversity
CASE-0296,diversity,,train-00005-of-00012.jsonl,35,devopsspiral__KubeLibrary-124,devopsspiral__KubeLibrary,swe-agent-llama-70b,True,submitted,certificate verify failed issue when using Get Namespaced Pod Exec,39,19,18,10-19,0.947368,395.28,edit|inspect|other,803,6505,80.211,high-quality stratified sample adding task/model/length diversity
CASE-0297,diversity,,train-00005-of-00012.jsonl,4667,rubik__radon-212,rubik__radon,swe-agent-llama-70b,True,submitted,Incorrect CC for try-except-else else blocks containing multiple statements,37,18,17,10-19,0.944444,267.94,edit|inspect|other|run|test,627,13228,85.322,high-quality stratified sample adding task/model/length diversity
CASE-0298,diversity,,train-00005-of-00012.jsonl,6573,Open-EO__openeo-pg-parser-python-7,Open-EO__openeo-pg-parser-python,swe-agent-llama-70b,True,submitted,Unclear error when JSON file not found,37,18,17,10-19,0.944444,382.29,edit|inspect|other|run,651,2914,81.667,high-quality stratified sample adding task/model/length diversity
CASE-0299,diversity,,train-00005-of-00012.jsonl,6583,PEtab-dev__libpetab-python-92,PEtab-dev__libpetab-python,swe-agent-llama-70b,True,submitted,no lint error for non-unique condition ids,33,16,15,10-19,0.9375,345.53,edit|inspect|other|test,587,3430,84.435,high-quality stratified sample adding task/model/length diversity
CASE-0300,diversity,,train-00005-of-00012.jsonl,704,sqlfluff__sqlfluff-2907,sqlfluff__sqlfluff,swe-agent-llama-70b,True,submitted,"sqlfluff doesn't recognise a jinja variable set inside of ""if"" statement",39,19,18,10-19,0.947368,324.72,edit|inspect|other,1403,8950,79.488,high-quality stratified sample adding task/model/length diversity
CASE-0301,diversity,,train-00006-of-00012.jsonl,1014,NCAS-CMS__cfdm-175,NCAS-CMS__cfdm,swe-agent-llama-70b,True,submitted,Field/domain print fails when dimension corodinate has no data,35,17,16,10-19,0.941176,478.12,edit|inspect|other|run,1615,2367,81.118,high-quality stratified sample adding task/model/length diversity
CASE-0302,diversity,,train-00006-of-00012.jsonl,270,ivankorobkov__python-inject-66,ivankorobkov__python-inject,swe-agent-llama-70b,True,submitted,inspect.iscoroutinefunction fails after inject wraps,37,18,17,10-19,0.944444,321.0,edit|inspect|other|run,3789,2882,80.838,high-quality stratified sample adding task/model/length diversity
CASE-0303,diversity,,train-00006-of-00012.jsonl,3774,asottile__babi-328,asottile__babi,swe-agent-llama-70b,True,submitted,pre-commit runs with the wrong configuration when accessing a file in a different repository,25,12,11,10-19,0.916667,329.45,edit|inspect|other|test,636,2305,79.663,high-quality stratified sample adding task/model/length diversity
CASE-0304,diversity,,train-00006-of-00012.jsonl,4766,simphony__tornado-webapi-19,simphony__tornado-webapi,swe-agent-llama-70b,True,submitted (exit_context),Change BadRequest error to BadRepresentation,65,32,30,20-39,0.9375,401.43,edit|inspect|test,3560,2824,90.062,high-quality stratified sample adding task/model/length diversity
CASE-0305,diversity,,train-00006-of-00012.jsonl,4842,streamlink__streamlink-3019,streamlink__streamlink,swe-agent-llama-70b,True,submitted,[bug] BTV plugin needs updating,65,32,31,20-39,0.96875,269.58,edit|inspect|other|test,531,1684,90.734,high-quality stratified sample adding task/model/length diversity
CASE-0306,diversity,,train-00006-of-00012.jsonl,4912,tcalmant__ipopo-120,tcalmant__ipopo,swe-agent-llama-70b,True,submitted (exit_context),RequiresVarFilter doesn't update bindings,137,68,67,40+,0.985294,222.63,edit|inspect|run|test,4104,2588,92.14,high-quality stratified sample adding task/model/length diversity
CASE-0307,diversity,,train-00006-of-00012.jsonl,5097,DCC-Lab__RayTracing-133,DCC-Lab__RayTracing,swe-agent-llama-70b,True,submitted,rayCountHistogram() and rayAnglesHistogram() of Rays raise exception when already computed,77,38,37,20-39,0.973684,276.89,edit|inspect|other|run|test,4669,2243,96.016,high-quality stratified sample adding task/model/length diversity
CASE-0308,diversity,,train-00006-of-00012.jsonl,5909,mie-lab__trackintel-217,mie-lab__trackintel,swe-agent-llama-70b,True,submitted,BUG: generate_staypoints and generate_trips,35,17,16,10-19,0.941176,387.25,edit|inspect|other|test,1401,9237,85.118,high-quality stratified sample adding task/model/length diversity
CASE-0309,diversity,,train-00006-of-00012.jsonl,6581,wright-group__WrightTools-534,wright-group__WrightTools,swe-agent-llama-70b,True,submitted,remove_nans_1D fails for list,35,17,16,10-19,0.941176,318.38,edit|inspect|other|run,581,5122,80.214,high-quality stratified sample adding task/model/length diversity
CASE-0310,diversity,,train-00007-of-00012.jsonl,142,andrasmaroy__pconf-32,andrasmaroy__pconf,swe-agent-llama-70b,True,submitted,Calling Pconf.get() multiple times causes configuration flips due to order failure,41,20,19,10-19,0.95,254.58,edit|inspect|other|run,389,1792,80.024,high-quality stratified sample adding task/model/length diversity
CASE-0311,diversity,,train-00007-of-00012.jsonl,2187,paambaati__mae-2,paambaati__mae,swe-agent-llama-70b,True,submitted,An app without any labels can crash mae's response,37,18,17,10-19,0.944444,346.12,edit|inspect|other|test,2080,2089,85.556,high-quality stratified sample adding task/model/length diversity
CASE-0312,diversity,,train-00007-of-00012.jsonl,3655,panosz__alpha_shapes-2,panosz__alpha_shapes,swe-agent-llama-70b,True,submitted,Bug in alpha optimization,31,15,14,10-19,0.933333,256.71,edit|inspect|other|test,1751,1673,79.335,high-quality stratified sample adding task/model/length diversity
CASE-0313,diversity,,train-00007-of-00012.jsonl,3935,pytorch__ignite-1044,pytorch__ignite,swe-agent-llama-70b,True,submitted,"gpu_info crashes because it cannot parse ""N/A""",29,14,13,10-19,0.928571,276.0,edit|inspect|other|run|test,1228,3256,81.314,high-quality stratified sample adding task/model/length diversity
CASE-0314,diversity,,train-00007-of-00012.jsonl,4238,BlueBrain__NeuroM-990,BlueBrain__NeuroM,swe-agent-llama-70b,True,submitted,`sholl_frequency` fails if `neurite_type` not in morphology,65,32,31,20-39,0.96875,265.26,edit|inspect|other|run|test,2586,4790,92.61,high-quality stratified sample adding task/model/length diversity
CASE-0315,diversity,,train-00007-of-00012.jsonl,5019,googleapis__python-spanner-316,googleapis__python-spanner,swe-agent-llama-70b,True,submitted,float value cannot be used to insert data to NUMERIC field.,41,20,19,10-19,0.95,338.74,edit|inspect|other|run|test,1070,2968,88.428,high-quality stratified sample adding task/model/length diversity
CASE-0316,diversity,,train-00007-of-00012.jsonl,5327,omni-us__jsonargparse-468,omni-us__jsonargparse,swe-agent-llama-70b,True,submitted (exit_context),Dynamic selection of function given an argument fails with an `AttributeError`,73,36,35,20-39,0.972222,474.11,edit|inspect|other|run,1712,5582,91.083,high-quality stratified sample adding task/model/length diversity
CASE-0317,diversity,,train-00007-of-00012.jsonl,604,kymatio__kymatio-982,kymatio__kymatio,swe-agent-llama-70b,True,submitted,BUG missing one second-order wavelet for low-T Sc1D and JTFS,37,18,17,10-19,0.944444,358.29,edit|inspect|other|run,832,2464,81.667,high-quality stratified sample adding task/model/length diversity
CASE-0318,diversity,,train-00008-of-00012.jsonl,1182,tarohi24__typedflow-16,tarohi24__typedflow,swe-agent-llama-70b,True,submitted,Batch doesn't flow if any items in it has an error,29,14,13,10-19,0.928571,382.46,edit|inspect|other|test,724,2383,81.429,high-quality stratified sample adding task/model/length diversity
CASE-0319,diversity,,train-00008-of-00012.jsonl,1568,blairconrad__dicognito-73,blairconrad__dicognito,swe-agent-llama-70b,True,submitted,Fails to anonymize object with Issue Date of Imaging Service Request,33,16,15,10-19,0.9375,304.6,edit|inspect|other|test,1352,16620,83.265,high-quality stratified sample adding task/model/length diversity
CASE-0320,diversity,,train-00008-of-00012.jsonl,2398,keleshev__schema-247,keleshev__schema,swe-agent-llama-70b,True,submitted,Formatting error when supplying raw dict as schema to `Or`,41,20,19,10-19,0.95,262.89,edit|inspect|other|run,1067,7689,80.261,high-quality stratified sample adding task/model/length diversity
CASE-0321,diversity,,train-00008-of-00012.jsonl,3623,hylang__hy-2454,hylang__hy,swe-agent-llama-70b,True,submitted,"`(hy.models.Symbol ""#foo"")` should be an error",39,19,18,10-19,0.947368,385.28,edit|inspect|other|test,446,2946,86.211,high-quality stratified sample adding task/model/length diversity
CASE-0322,diversity,,train-00008-of-00012.jsonl,4066,palantir__python-jsonrpc-server-37,palantir__python-jsonrpc-server,swe-agent-llama-70b,True,submitted,Tests failing with Python 3.8,57,28,27,20-39,0.964286,408.19,edit|inspect|other|test,1829,4371,90.964,high-quality stratified sample adding task/model/length diversity
CASE-0323,diversity,,train-00008-of-00012.jsonl,420,andialbrecht__sqlparse-764,andialbrecht__sqlparse,swe-agent-llama-70b,True,submitted (exit_context),Dollar quoted strings (PostgreSQL) cannot follow an operator (e.g. `=$$Hello$$`),61,30,29,20-39,0.966667,317.69,edit|inspect|test,646,6405,89.077,high-quality stratified sample adding task/model/length diversity
CASE-0324,diversity,,train-00008-of-00012.jsonl,4368,pypa__build-318,pypa__build,swe-agent-llama-70b,True,submitted,0.4.0: --outdir fails when parent directory does not exist,39,19,18,10-19,0.947368,294.78,edit|inspect|other|run,946,5521,80.633,high-quality stratified sample adding task/model/length diversity
CASE-0325,diversity,,train-00008-of-00012.jsonl,4405,scottwernervt__favicon-17,scottwernervt__favicon,swe-agent-llama-70b,True,submitted,AttributeError: 'NoneType' object has no attribute 'lower',41,20,19,10-19,0.95,295.74,edit|inspect|other|run,1116,5491,81.2,high-quality stratified sample adding task/model/length diversity
CASE-0326,diversity,,train-00008-of-00012.jsonl,4643,Ouranosinc__xclim-336,Ouranosinc__xclim,swe-agent-llama-70b,True,submitted (exit_context),build failing against xarray master,31,15,14,10-19,0.933333,366.86,edit|inspect|other|test,1109,4418,82.0,high-quality stratified sample adding task/model/length diversity
CASE-0327,diversity,,train-00008-of-00012.jsonl,520,cunybpl__isdparser-2,cunybpl__isdparser,swe-agent-llama-70b,True,submitted (exit_context),ISDRecordFactory's constructor bug,59,29,28,20-39,0.965517,577.29,edit|inspect|other|test,2069,2263,91.483,high-quality stratified sample adding task/model/length diversity
CASE-0328,diversity,,train-00008-of-00012.jsonl,6281,dwavesystems__dwave-cloud-client-325,dwavesystems__dwave-cloud-client,swe-agent-llama-70b,True,submitted,"Assume 5xx responses during problem polling are transient errors, don't abort polling",31,15,14,10-19,0.933333,275.36,edit|inspect|other|test,1801,3419,79.867,high-quality stratified sample adding task/model/length diversity
CASE-0329,diversity,,train-00008-of-00012.jsonl,699,glotzerlab__signac-flow-738,glotzerlab__signac-flow,swe-agent-llama-70b,True,submitted,Error when running jobs using -f on command line,41,20,19,10-19,0.95,311.05,edit|inspect|other|run,1563,22299,81.637,high-quality stratified sample adding task/model/length diversity
CASE-0330,diversity,,train-00008-of-00012.jsonl,791,ifosch__accloudtant-82,ifosch__accloudtant,swe-agent-llama-70b,True,submitted,Fails with Python 3,29,14,13,10-19,0.928571,442.69,edit|inspect|other|test,1877,2685,81.429,high-quality stratified sample adding task/model/length diversity
CASE-0331,diversity,,train-00009-of-00012.jsonl,1313,iterative__dvc-5822,iterative__dvc,swe-agent-llama-70b,True,submitted,dvc.api.open: fails when using a local repo and any revision,41,20,18,10-19,0.9,330.28,edit|inspect|other|run,1052,34120,80.937,high-quality stratified sample adding task/model/length diversity
CASE-0332,diversity,,train-00009-of-00012.jsonl,298,mozman__svgwrite-109,mozman__svgwrite,swe-agent-llama-70b,True,submitted,build_animation_timing_parser uses wrong separator,33,16,15,10-19,0.9375,375.6,edit|inspect|other|test,595,2483,84.562,high-quality stratified sample adding task/model/length diversity
CASE-0333,diversity,,train-00009-of-00012.jsonl,4506,canonical__charmcraft-869,canonical__charmcraft,swe-agent-llama-70b,True,submitted,The reactive plugin is not correctly checking if `charm` failed,25,12,11,10-19,0.916667,355.45,edit|inspect|other|test,1327,2816,80.25,high-quality stratified sample adding task/model/length diversity
CASE-0334,diversity,,train-00009-of-00012.jsonl,6085,blairconrad__dicognito-98,blairconrad__dicognito,swe-agent-llama-70b,True,submitted,Anonymizing dataset with StationName but no Modality fails,75,37,36,20-39,0.972973,287.56,edit|inspect|other|run,618,16836,89.811,high-quality stratified sample adding task/model/length diversity
CASE-0335,diversity,,train-00010-of-00012.jsonl,1163,blairconrad__dicognito-67,blairconrad__dicognito,swe-agent-llama-70b,True,submitted,Fails to anonymize TimeOfLastCalibration,37,18,17,10-19,0.944444,506.24,edit|inspect|other|test,1450,16513,85.667,high-quality stratified sample adding task/model/length diversity
CASE-0336,diversity,,train-00010-of-00012.jsonl,193,pedrokiefer__aiostomp-17,pedrokiefer__aiostomp,swe-agent-llama-70b,True,submitted,ValueError while parsing data,41,20,19,10-19,0.95,246.74,edit|inspect|other|test,736,5998,83.8,high-quality stratified sample adding task/model/length diversity
CASE-0337,diversity,,train-00010-of-00012.jsonl,2436,intelsdi-x__snap-plugin-lib-py-13,intelsdi-x__snap-plugin-lib-py,swe-agent-llama-70b,True,submitted,Printing metric.config fails,35,17,16,10-19,0.941176,272.5,edit|inspect|other|test,936,2028,82.903,high-quality stratified sample adding task/model/length diversity
CASE-0338,diversity,,train-00010-of-00012.jsonl,3061,zamzterz__Flask-pyoidc-96,zamzterz__Flask-pyoidc,swe-agent-llama-70b,True,submitted (exit_context),Error responses using undefined _redirect_uri_endpoint attribute,109,54,46,40+,0.851852,284.85,edit|inspect|other|run|test,4291,6154,95.916,high-quality stratified sample adding task/model/length diversity
CASE-0339,diversity,,train-00010-of-00012.jsonl,3096,Azure__msrest-for-python-43,Azure__msrest-for-python,swe-agent-llama-70b,True,submitted,Serialization issue if dict syntax and Duration used,35,17,16,10-19,0.941176,283.94,edit|inspect|other|test,710,5566,83.23,high-quality stratified sample adding task/model/length diversity
CASE-0340,diversity,,train-00010-of-00012.jsonl,3194,Dorthu__openapi3-94,Dorthu__openapi3,swe-agent-llama-70b,True,submitted,[Bug] - Expects incorrect type on parameter default,35,17,16,10-19,0.941176,360.88,edit|inspect|run|test,2671,2950,85.118,high-quality stratified sample adding task/model/length diversity
CASE-0341,diversity,,train-00010-of-00012.jsonl,4082,mirumee__ariadne-153,mirumee__ariadne,swe-agent-llama-70b,True,submitted,Raise ValueError when `field` or `source` decorator was called incorrectly,33,16,15,10-19,0.9375,296.2,edit|inspect|other|test,1131,2909,83.025,high-quality stratified sample adding task/model/length diversity
CASE-0342,diversity,,train-00010-of-00012.jsonl,5240,adamchainz__apig-wsgi-187,adamchainz__apig-wsgi,swe-agent-llama-70b,True,submitted,QueryStringParameters encoding issue,29,14,13,10-19,0.928571,341.62,edit|inspect|other|test,929,8045,81.189,high-quality stratified sample adding task/model/length diversity
CASE-0343,diversity,,train-00010-of-00012.jsonl,6245,numpy__numpydoc-283,numpy__numpydoc,swe-agent-llama-70b,True,submitted,Failed See Also Parsing.,33,16,15,10-19,0.9375,252.87,edit|inspect|other|run|test,1213,5178,83.787,high-quality stratified sample adding task/model/length diversity
CASE-0344,diversity,,train-00010-of-00012.jsonl,871,tobymao__sqlglot-2337,tobymao__sqlglot,swe-agent-llama-70b,True,submitted,"Parser error for Snowflake SQL when ""window"" is used as an alias",41,20,18,10-19,0.9,658.61,edit|inspect|other|run,841,2927,81.5,high-quality stratified sample adding task/model/length diversity
CASE-0345,diversity,,train-00011-of-00012.jsonl,1476,fniessink__next-action-146,fniessink__next-action,swe-agent-llama-70b,True,submitted (exit_context),Unrecognised argument error when filtering on project after context and excluded context,71,35,34,20-39,0.971429,413.79,edit|inspect|other,4224,5475,88.571,high-quality stratified sample adding task/model/length diversity
CASE-0346,diversity,,train-00011-of-00012.jsonl,2410,PyCQA__flake8-1642,PyCQA__flake8,swe-agent-llama-70b,True,submitted (exit_context),Exception if HOME is not an existing path,75,37,36,20-39,0.972973,434.42,edit|inspect|run,1008,3689,89.595,high-quality stratified sample adding task/model/length diversity
CASE-0347,diversity,,train-00011-of-00012.jsonl,3575,python-lsp__python-lsp-server-454,python-lsp__python-lsp-server,swe-agent-llama-70b,True,submitted,notebookDocumentSync notebookSelector type error,73,36,35,20-39,0.972222,326.06,edit|inspect|other|test,1542,6626,94.399,high-quality stratified sample adding task/model/length diversity
CASE-0348,diversity,,train-00011-of-00012.jsonl,4280,microsoft__electionguard-python-756,microsoft__electionguard-python,swe-agent-llama-70b,True,submitted (exit_context),🐞 Error Occurs Exporting Ballots if No Spoiled Ballots,81,40,36,20-39,0.9,411.81,edit|inspect|other|run,3178,2953,90.5,high-quality stratified sample adding task/model/length diversity
CASE-0349,diversity,,train-00011-of-00012.jsonl,4334,mirumee__ariadne-1098,mirumee__ariadne,swe-agent-llama-70b,True,submitted,Query filter with default `null` filter causes error,31,15,14,10-19,0.933333,332.21,edit|inspect|other|test,719,4157,81.492,high-quality stratified sample adding task/model/length diversity
CASE-0350,diversity,,train-00011-of-00012.jsonl,5648,inducer__pymbolic-58,inducer__pymbolic,swe-agent-llama-70b,True,submitted,[Parser] Incorrect if-else precedence,41,20,19,10-19,0.95,373.68,edit|inspect|other|run,526,3228,82.75,high-quality stratified sample adding task/model/length diversity
CASE-0351,diversity,,train-00000-of-00012.jsonl,2374,tempoCollaboration__OQuPy-74,tempoCollaboration__OQuPy,swe-agent-llama-8b,True,submitted,Bug when loading a process tensor from file,27,13,12,10-19,0.923077,263.5,edit|inspect|other|run,801,1803,74.375,high-quality stratified sample adding task/model/length diversity
CASE-0352,diversity,,train-00000-of-00012.jsonl,3184,oasis-open__cti-python-stix2-454,oasis-open__cti-python-stix2,swe-agent-llama-8b,True,submitted,AST make_constant() function doesn't make timestamp constants,23,11,10,10-19,0.909091,315.6,edit|inspect|other|run,347,15581,74.654,high-quality stratified sample adding task/model/length diversity
CASE-0353,diversity,,train-00000-of-00012.jsonl,5979,oasis-open__cti-python-stix2-342,oasis-open__cti-python-stix2,swe-agent-llama-8b,True,submitted,Adding SCO to the MemoryStore results in error,23,11,10,10-19,0.909091,249.1,edit|inspect|other|run,602,6341,72.754,high-quality stratified sample adding task/model/length diversity
CASE-0354,diversity,,train-00000-of-00012.jsonl,752,networkx__networkx-7024,networkx__networkx,swe-agent-llama-8b,True,submitted,```is_k_edge_connected``` incorrectly returns True for k=2 with multi-component graphs without bridges,39,19,18,10-19,0.947368,235.56,edit|inspect|other|run,591,5491,78.941,high-quality stratified sample adding task/model/length diversity
CASE-0355,diversity,,train-00001-of-00012.jsonl,2039,fnl__syntok-17,fnl__syntok,swe-agent-llama-8b,True,submitted,Bug in not-contraction handling code,25,12,10,10-19,0.833333,297.8,edit|inspect|other|run,685,2762,73.009,high-quality stratified sample adding task/model/length diversity
CASE-0356,diversity,,train-00001-of-00012.jsonl,4350,3YOURMIND__django-migration-linter-258,3YOURMIND__django-migration-linter,swe-agent-llama-8b,True,submitted,Adding an index with a NOT NULL condition incorrectly triggers NOT_NULL rule,55,27,25,20-39,0.925926,288.8,edit|inspect|other|run|test,2276,5385,89.64,high-quality stratified sample adding task/model/length diversity
CASE-0357,diversity,,train-00003-of-00012.jsonl,2280,marshmallow-code__webargs-541,marshmallow-code__webargs,swe-agent-llama-8b,True,submitted,Failing to (re)raise an error when handling validation errors should raise a new error,31,15,14,10-19,0.933333,319.36,edit|inspect|other|test,1191,12781,81.125,high-quality stratified sample adding task/model/length diversity
CASE-0358,diversity,,train-00004-of-00012.jsonl,1021,mhostetter__galois-219,mhostetter__galois,swe-agent-llama-8b,True,submitted,`Poly.Degrees` with duplicate degrees produces incorrect polynomial,63,31,30,20-39,0.967742,184.1,edit|inspect|other|run,644,8833,83.776,high-quality stratified sample adding task/model/length diversity
CASE-0359,diversity,,train-00004-of-00012.jsonl,4404,robotpy__robotpy-cppheaderparser-44,robotpy__robotpy-cppheaderparser,swe-agent-llama-8b,True,submitted,Another regression in 4.0.0,29,14,13,10-19,0.928571,383.54,edit|inspect|other|run,863,29404,77.429,high-quality stratified sample adding task/model/length diversity
CASE-0360,diversity,,train-00005-of-00012.jsonl,1793,pypa__hatch-422,pypa__hatch,swe-agent-llama-8b,True,submitted,`hatch version <new-version>` fails when any custom metadata hook is installed,81,40,39,20-39,0.975,180.54,edit|inspect|other|run,1086,2008,88.283,high-quality stratified sample adding task/model/length diversity
CASE-0361,diversity,,train-00005-of-00012.jsonl,2873,joke2k__faker-1368,joke2k__faker,swe-agent-llama-8b,True,submitted,Random sentence of length 1 fails,25,12,11,10-19,0.916667,225.18,edit|inspect|other|run,553,6096,72.684,high-quality stratified sample adding task/model/length diversity
CASE-0362,diversity,,train-00006-of-00012.jsonl,1436,cloudevents__sdk-python-172,cloudevents__sdk-python,swe-agent-llama-8b,True,submitted,__eq__ operator raises attribute error on non-cloudevent values,23,11,10,10-19,0.909091,330.3,edit|inspect|other|run|test,1445,4693,81.074,high-quality stratified sample adding task/model/length diversity
CASE-0363,diversity,,train-00006-of-00012.jsonl,2904,networkx__networkx-5903,networkx__networkx,swe-agent-llama-8b,True,submitted,`relabel_nodes` does not work for callables with `__getitem__`,39,19,18,10-19,0.947368,231.5,edit|inspect|other|run,4056,4055,78.825,high-quality stratified sample adding task/model/length diversity
CASE-0364,diversity,,train-00008-of-00012.jsonl,3403,brightway-lca__brightway2-analyzer-19,brightway-lca__brightway2-analyzer,swe-agent-llama-8b,True,submitted (exit_context),Invalid sorting for Contribution results when top contributors are negative (Absolute values),59,29,28,20-39,0.965517,320.64,edit|inspect|test,1547,2610,88.644,high-quality stratified sample adding task/model/length diversity
CASE-0365,diversity,,train-00008-of-00012.jsonl,3411,brightway-lca__brightway2-analyzer-19,brightway-lca__brightway2-analyzer,swe-agent-llama-8b,True,submitted (exit_context),Invalid sorting for Contribution results when top contributors are negative (Absolute values),73,36,35,20-39,0.972222,242.09,edit|inspect|test,1767,2614,90.0,high-quality stratified sample adding task/model/length diversity
CASE-0366,diversity,,train-00008-of-00012.jsonl,3421,brightway-lca__brightway2-analyzer-19,brightway-lca__brightway2-analyzer,swe-agent-llama-8b,True,submitted (exit_context),Invalid sorting for Contribution results when top contributors are negative (Absolute values),61,30,29,20-39,0.966667,380.17,edit|inspect|test,1315,2610,90.0,high-quality stratified sample adding task/model/length diversity
CASE-0367,diversity,,train-00008-of-00012.jsonl,3461,brightway-lca__brightway2-analyzer-19,brightway-lca__brightway2-analyzer,swe-agent-llama-8b,True,submitted (exit_context),Invalid sorting for Contribution results when top contributors are negative (Absolute values),65,32,31,20-39,0.96875,281.81,edit|inspect|other|test,1658,2610,91.083,high-quality stratified sample adding task/model/length diversity
CASE-0368,diversity,,train-00008-of-00012.jsonl,5863,Textualize__textual-2568,Textualize__textual,swe-agent-llama-8b,True,submitted,Pasting in Input with an empty string crashes the program,45,22,21,20-39,0.954545,319.52,edit|inspect|other|run,686,1650,82.947,high-quality stratified sample adding task/model/length diversity
CASE-0369,diversity,,train-00011-of-00012.jsonl,3108,nipy__nipype-3325,nipy__nipype,swe-agent-llama-8b,True,submitted (exit_context),"fsl randomise f_only flag contains typo, can't work",79,39,38,20-39,0.974359,264.66,edit|inspect|run,2476,1941,88.177,high-quality stratified sample adding task/model/length diversity
CASE-0370,diversity,,train-00011-of-00012.jsonl,3112,nipy__nipype-3325,nipy__nipype,swe-agent-llama-8b,True,submitted (exit_context),"fsl randomise f_only flag contains typo, can't work",61,30,29,20-39,0.966667,337.97,edit|inspect|other|test,1022,1945,91.656,high-quality stratified sample adding task/model/length diversity
CASE-0371,diversity,,train-00011-of-00012.jsonl,3118,nipy__nipype-3325,nipy__nipype,swe-agent-llama-8b,True,submitted,"fsl randomise f_only flag contains typo, can't work",41,20,19,10-19,0.95,310.26,edit|inspect|other|test,1666,2004,85.615,high-quality stratified sample adding task/model/length diversity
CASE-0372,diversity,,train-00011-of-00012.jsonl,3133,nipy__nipype-3325,nipy__nipype,swe-agent-llama-8b,True,submitted,"fsl randomise f_only flag contains typo, can't work",51,25,24,20-39,0.96,259.67,edit|inspect|other|run|test,823,2004,88.819,high-quality stratified sample adding task/model/length diversity
CASE-0373,diversity,,train-00011-of-00012.jsonl,3138,nipy__nipype-3325,nipy__nipype,swe-agent-llama-8b,True,submitted (exit_context),"fsl randomise f_only flag contains typo, can't work",65,32,31,20-39,0.96875,386.29,edit|inspect|run,1230,1941,87.031,high-quality stratified sample adding task/model/length diversity
CASE-0374,diversity,,train-00011-of-00012.jsonl,3145,nipy__nipype-3325,nipy__nipype,swe-agent-llama-8b,True,submitted,"fsl randomise f_only flag contains typo, can't work",67,33,32,20-39,0.969697,320.88,edit|inspect|other|test,649,1874,92.713,high-quality stratified sample adding task/model/length diversity
CASE-0375,diversity,,train-00011-of-00012.jsonl,3167,nipy__nipype-3325,nipy__nipype,swe-agent-llama-8b,True,submitted,"fsl randomise f_only flag contains typo, can't work",67,33,32,20-39,0.969697,235.78,edit|inspect|other|test,649,1874,90.282,high-quality stratified sample adding task/model/length diversity
CASE-0376,diversity,,train-00002-of-00012.jsonl,1418,oasis-open__cti-pattern-validator-10,oasis-open__cti-pattern-validator,swe-agent-llama-405b,False,submitted (exit_context),Unclear error message when missing brackets,77,38,37,20-39,0.973684,172.08,edit|inspect|run,467,9514,85.022,high-quality stratified sample adding task/model/length diversity
CASE-0377,diversity,,train-00002-of-00012.jsonl,5776,pydantic__pydantic-4471,pydantic__pydantic,swe-agent-llama-405b,False,submitted (exit_context),mypy error on default_factory=list in pydantic 1.10,81,40,39,20-39,0.975,482.85,edit|inspect|other,332,5489,91.125,high-quality stratified sample adding task/model/length diversity
CASE-0378,diversity,,train-00003-of-00012.jsonl,1754,Textualize__textual-2580,Textualize__textual,swe-agent-llama-405b,False,submitted (exit_context),Screen.dismiss should error if not the top-most screen,85,42,39,20-39,0.928571,174.72,edit|inspect|other|run,1573,1988,87.421,high-quality stratified sample adding task/model/length diversity
CASE-0379,diversity,,train-00003-of-00012.jsonl,6058,pydantic__pydantic-3847,pydantic__pydantic,swe-agent-llama-405b,False,submitted (exit_context),Discriminator field on BaseModel instances are incorrectly accessed by alias in validation,75,37,36,20-39,0.972973,645.42,edit|inspect|other|run,1199,3022,91.595,high-quality stratified sample adding task/model/length diversity
CASE-0380,diversity,,train-00004-of-00012.jsonl,4603,tobymao__sqlglot-2873,tobymao__sqlglot,swe-agent-llama-405b,False,submitted (exit_context),Failed to parse SET statement in Postgres CREATE FUNCTION,69,34,33,20-39,0.970588,315.0,edit|inspect|other|run,973,2302,89.059,high-quality stratified sample adding task/model/length diversity
CASE-0381,diversity,,train-00004-of-00012.jsonl,5721,pydantic__pydantic-3543,pydantic__pydantic,swe-agent-llama-405b,False,submitted (exit_context),`Config.smart_union` doesn't work with `TypedDict`,77,38,37,20-39,0.973684,550.62,edit|inspect|other,4566,30968,90.105,high-quality stratified sample adding task/model/length diversity
CASE-0382,diversity,,train-00005-of-00012.jsonl,2697,getnikola__nikola-3504,getnikola__nikola,swe-agent-llama-405b,False,submitted (exit_context),unexpected pretty_url behavior,83,41,39,20-39,0.95122,304.67,edit|inspect|other|run,727,11138,91.473,high-quality stratified sample adding task/model/length diversity
CASE-0383,diversity,,train-00005-of-00012.jsonl,4459,pydantic__pydantic-3935,pydantic__pydantic,swe-agent-llama-405b,False,submitted (exit_context),sub-model cannot always re-write field infos from the same BaseModel.,73,36,35,20-39,0.972222,427.11,edit|inspect|other|run,1761,19584,91.083,high-quality stratified sample adding task/model/length diversity
CASE-0384,diversity,,train-00008-of-00012.jsonl,1888,google__importlab-13,google__importlab,swe-agent-llama-405b,False,submitted (exit_context),Importlab running under Python 3.6 and analyzing Python 2.7 can't find networkx,81,40,39,20-39,0.975,398.33,edit|inspect|other|run,378,3668,93.125,high-quality stratified sample adding task/model/length diversity
CASE-0385,diversity,,train-00008-of-00012.jsonl,4288,pydantic__pydantic-3819,pydantic__pydantic,swe-agent-llama-405b,False,submitted (exit_context),list of python dataclass broken after upgrade to 1.9.0,79,39,38,20-39,0.974359,414.79,edit|inspect|other|run,538,19347,92.615,high-quality stratified sample adding task/model/length diversity
CASE-0386,diversity,,train-00009-of-00012.jsonl,458,pydantic__pydantic-3681,pydantic__pydantic,swe-agent-llama-405b,False,submitted (exit_context),Recursive list of TypedDicts doesn't work,73,36,35,20-39,0.972222,405.2,edit|inspect|other|run,293,2572,91.083,high-quality stratified sample adding task/model/length diversity
CASE-0387,diversity,,train-00011-of-00012.jsonl,1957,pydantic__pydantic-4781,pydantic__pydantic,swe-agent-llama-405b,False,submitted (exit_context),"`schema_json` can't encode default value of`dict[UUID, Any]` and raises `TypeError`",77,38,37,20-39,0.973684,313.32,edit|inspect|other|run,447,20017,91.057,high-quality stratified sample adding task/model/length diversity
CASE-0388,diversity,,train-00000-of-00012.jsonl,1321,serge-sans-paille__gast-59,serge-sans-paille__gast,swe-agent-llama-70b,False,submitted,gast doesn't seem to parse assignment expressions correctly,39,19,18,10-19,0.947368,303.44,edit|inspect|other|run|test,875,2847,86.88,high-quality stratified sample adding task/model/length diversity
CASE-0389,diversity,,train-00000-of-00012.jsonl,1868,fatiando__pooch-171,fatiando__pooch,swe-agent-llama-70b,False,submitted,Crash on import when running in parallel,33,16,15,10-19,0.9375,330.73,edit|inspect|other|run|test,1552,2565,86.012,high-quality stratified sample adding task/model/length diversity
CASE-0390,diversity,,train-00000-of-00012.jsonl,2495,zalando-stups__senza-521,zalando-stups__senza,swe-agent-llama-70b,False,submitted,Fix Elastigroup healthCheckType,41,20,19,10-19,0.95,431.84,edit|inspect|other|test,625,2784,86.75,high-quality stratified sample adding task/model/length diversity
CASE-0391,diversity,,train-00000-of-00012.jsonl,3493,ttu__ruuvitag-sensor-41,ttu__ruuvitag-sensor,swe-agent-llama-70b,False,submitted,Bug: incompatible with RuuviFW 1.2.8,35,17,16,10-19,0.941176,378.12,edit|inspect|other|run|test,413,3100,87.118,high-quality stratified sample adding task/model/length diversity
CASE-0392,diversity,,train-00000-of-00012.jsonl,4573,typesafehub__conductr-cli-339,typesafehub__conductr-cli,swe-agent-llama-70b,False,submitted,Running sandbox with unparseable version should give nicer error,41,20,19,10-19,0.95,407.16,edit|inspect|other|test,592,2314,86.75,high-quality stratified sample adding task/model/length diversity
CASE-0393,diversity,,train-00000-of-00012.jsonl,4613,AzureAD__azure-activedirectory-library-for-python-120,AzureAD__azure-activedirectory-library-for-python,swe-agent-llama-70b,False,submitted (exit_context),Issue with authenticating to Dynamics 365 CRM,81,40,39,20-39,0.975,403.79,edit|inspect|other|test,1746,2627,97.125,high-quality stratified sample adding task/model/length diversity
CASE-0394,diversity,,train-00000-of-00012.jsonl,4742,ESSS__conda-devenv-51,ESSS__conda-devenv,swe-agent-llama-70b,False,submitted,0.9.3 broken: no longer generates activate/deactivate scripts,35,17,16,10-19,0.941176,415.44,edit|inspect|other|test,1311,2191,85.118,high-quality stratified sample adding task/model/length diversity
CASE-0395,diversity,,train-00000-of-00012.jsonl,5545,hamcrest__PyHamcrest-129,hamcrest__PyHamcrest,swe-agent-llama-70b,False,submitted,How to match exception properties?,39,19,18,10-19,0.947368,289.11,edit|inspect|other|test,3080,3938,84.471,high-quality stratified sample adding task/model/length diversity
CASE-0396,diversity,,train-00000-of-00012.jsonl,77,PyCQA__pyflakes-761,PyCQA__pyflakes,swe-agent-llama-70b,False,submitted,should produce error for attribute hidden by a method,77,38,37,20-39,0.973684,578.65,edit|inspect|other|run|test,400,12012,98.105,high-quality stratified sample adding task/model/length diversity
CASE-0397,diversity,,train-00000-of-00012.jsonl,831,omni-us__jsonargparse-176,omni-us__jsonargparse,swe-agent-llama-70b,False,submitted,Cannot override Callable init_args without passing the class_path,41,20,19,10-19,0.95,289.0,edit|inspect|other|run|test,680,9129,87.007,high-quality stratified sample adding task/model/length diversity
CASE-0398,diversity,,train-00001-of-00012.jsonl,2514,mapbox__untiler-28,mapbox__untiler,swe-agent-llama-70b,False,submitted (exit_context),Tests broken on master,35,17,16,10-19,0.941176,441.81,edit|inspect|other|test,552,4685,85.118,high-quality stratified sample adding task/model/length diversity
CASE-0399,diversity,,train-00001-of-00012.jsonl,3142,asottile__dead-31,asottile__dead,swe-agent-llama-70b,False,submitted,"dead raises ValueError in case a file is deleted (since it remains listed with ""git ls-files"")",41,20,19,10-19,0.95,427.16,edit|inspect|other|run|test,886,4011,88.75,high-quality stratified sample adding task/model/length diversity
CASE-0400,diversity,,train-00001-of-00012.jsonl,5047,pddg__uroboros-34,pddg__uroboros,swe-agent-llama-70b,False,submitted,`Command.get_options()` does not work well,37,18,17,10-19,0.944444,249.12,edit|inspect|other|run|test,501,5683,84.784,high-quality stratified sample adding task/model/length diversity
CASE-0401,diversity,,train-00001-of-00012.jsonl,5227,radomirbosak__duden-195,radomirbosak__duden,swe-agent-llama-70b,False,submitted,Documentation of synonyms doesn't match code,35,17,16,10-19,0.941176,370.81,edit|inspect|other|test,403,2668,85.118,high-quality stratified sample adding task/model/length diversity
CASE-0402,diversity,,train-00001-of-00012.jsonl,6210,ipython__ipython-11425,ipython__ipython,swe-agent-llama-70b,False,submitted,Wrong autoindent for  class method.,79,39,38,20-39,0.974359,319.0,edit|inspect|other|run|test,727,3270,97.73,high-quality stratified sample adding task/model/length diversity
CASE-0403,diversity,,train-00001-of-00012.jsonl,869,linkml__linkml-1795,linkml__linkml,swe-agent-llama-70b,False,submitted,gen-json-schema should warn or error if --top-class option does not correspond to class in schema,41,20,19,10-19,0.95,291.74,edit|inspect|other|test,1067,2917,85.085,high-quality stratified sample adding task/model/length diversity
CASE-0404,diversity,,train-00001-of-00012.jsonl,889,mantidproject__mslice-848,mantidproject__mslice,swe-agent-llama-70b,False,submitted (exit_context),MSlice crashes upon opening plot options for a non-supported colour,81,40,39,20-39,0.975,317.38,edit|inspect|other|run|test,3092,2639,98.193,high-quality stratified sample adding task/model/length diversity
CASE-0405,diversity,,train-00002-of-00012.jsonl,1424,oasis-open__cti-pattern-validator-10,oasis-open__cti-pattern-validator,swe-agent-llama-70b,False,submitted,Unclear error message when missing brackets,41,20,19,10-19,0.95,261.16,edit|inspect|other|run|test,1229,9542,86.212,high-quality stratified sample adding task/model/length diversity
CASE-0406,diversity,,train-00002-of-00012.jsonl,1976,zopefoundation__DateTime-42,zopefoundation__DateTime,swe-agent-llama-70b,False,submitted,tests fail after 2038-01-10,41,20,19,10-19,0.95,280.84,edit|inspect|other|test,998,9898,84.774,high-quality stratified sample adding task/model/length diversity
CASE-0407,diversity,,train-00002-of-00012.jsonl,234,redhat-cip__hardware-108,redhat-cip__hardware,swe-agent-llama-70b,False,submitted,Mem benchmark fails with Python 3,37,18,17,10-19,0.944444,332.59,edit|inspect|other|test,608,2302,85.169,high-quality stratified sample adding task/model/length diversity
CASE-0408,diversity,,train-00002-of-00012.jsonl,2406,google__importlab-23,google__importlab,swe-agent-llama-70b,False,submitted,Incorrect inferred module name for __init__.py files,39,19,18,10-19,0.947368,330.89,edit|inspect|other|run|test,4851,895,87.665,high-quality stratified sample adding task/model/length diversity
CASE-0409,diversity,,train-00002-of-00012.jsonl,286,spyder-ide__spyder-kernels-404,spyder-ide__spyder-kernels,swe-agent-llama-70b,False,submitted,Python 2 tests are broken in Conda slots,35,17,16,10-19,0.941176,490.25,edit|inspect|other|test,517,5356,85.118,high-quality stratified sample adding task/model/length diversity
CASE-0410,diversity,,train-00002-of-00012.jsonl,3317,PyCQA__pyflakes-745,PyCQA__pyflakes,swe-agent-llama-70b,False,submitted,Internal error on invalid print (py2) statement,37,18,17,10-19,0.944444,470.18,edit|inspect|other|run|test,780,12231,87.667,high-quality stratified sample adding task/model/length diversity
CASE-0411,diversity,,train-00002-of-00012.jsonl,3861,lightkurve__lightkurve-1331,lightkurve__lightkurve,swe-agent-llama-70b,False,submitted,`SFFCorrector` appears to crash when the aperture mask contains only one pixel,35,17,16,10-19,0.941176,344.31,edit|inspect|other|run|test,947,5672,86.955,high-quality stratified sample adding task/model/length diversity
CASE-0412,diversity,,train-00002-of-00012.jsonl,507,tox-dev__tox-conda-161,tox-dev__tox-conda,swe-agent-llama-70b,False,submitted (exit_context),Permission error on conda environment temp file when running in Windows OS,81,40,39,20-39,0.975,496.82,edit|inspect|other|test,1389,2352,97.125,high-quality stratified sample adding task/model/length diversity
CASE-0413,diversity,,train-00002-of-00012.jsonl,6098,OCA__oca-github-bot-215,OCA__oca-github-bot,swe-agent-llama-70b,False,submitted,ocabot migration duplicating lines in migration issue?,41,20,19,10-19,0.95,375.26,edit|inspect|other|test,880,1966,86.75,high-quality stratified sample adding task/model/length diversity
CASE-0414,diversity,,train-00002-of-00012.jsonl,6253,bids-standard__pybids-613,bids-standard__pybids,swe-agent-llama-70b,False,submitted,BIDSFile.copy() does not work on binary files,35,17,16,10-19,0.941176,320.62,edit|inspect|other|run|test,1008,2333,86.278,high-quality stratified sample adding task/model/length diversity
CASE-0415,diversity,,train-00002-of-00012.jsonl,6331,fairlearn__fairlearn-968,fairlearn__fairlearn,swe-agent-llama-70b,False,submitted (exit_context),BUG: sklearn.confusion_matrix does not work with None anymore,39,19,18,10-19,0.947368,622.94,edit|inspect|other|test,558,5311,86.211,high-quality stratified sample adding task/model/length diversity
CASE-0416,diversity,,train-00002-of-00012.jsonl,638,Uberi__speech_recognition-619,Uberi__speech_recognition,swe-agent-llama-70b,False,submitted (exit_context),unittest is failing due to change for recognize_google method to return tuples with confidence,41,20,18,10-19,0.9,370.33,edit|inspect|other|test,3012,3496,85.5,high-quality stratified sample adding task/model/length diversity
CASE-0417,diversity,,train-00002-of-00012.jsonl,6430,hynek__structlog-594,hynek__structlog,swe-agent-llama-70b,False,submitted,LogfmtRenderer  has a bug with escaped double quotes,33,16,15,10-19,0.9375,358.0,edit|inspect|other|run|test,729,9955,86.562,high-quality stratified sample adding task/model/length diversity
CASE-0418,diversity,,train-00002-of-00012.jsonl,969,fatiando__boule-52,fatiando__boule,swe-agent-llama-70b,False,submitted,Fix normal gravity of Sphere,37,18,17,10-19,0.944444,345.29,edit|inspect|other|test,1369,5994,85.532,high-quality stratified sample adding task/model/length diversity
CASE-0419,diversity,,train-00002-of-00012.jsonl,993,graphql-python__graphene-641,graphql-python__graphene,swe-agent-llama-70b,False,submitted,Bug: Name of a connection is always the name of the class,33,16,15,10-19,0.9375,303.07,edit|inspect|other|run|test,892,2962,85.222,high-quality stratified sample adding task/model/length diversity
CASE-0420,diversity,,train-00003-of-00012.jsonl,2995,PSLmodels__microdf-219,PSLmodels__microdf,swe-agent-llama-70b,False,submitted,Subsetting a MicroDataFrame doesn't subset weights,41,20,19,10-19,0.95,391.32,edit|inspect|other|run|test,1023,2773,88.75,high-quality stratified sample adding task/model/length diversity
CASE-0421,diversity,,train-00003-of-00012.jsonl,3114,aio-libs__aioftp-113,aio-libs__aioftp,swe-agent-llama-70b,False,submitted,`parse_ls_date` doesn't handle singe-spaced servers.,37,18,17,10-19,0.944444,384.18,edit|inspect|other|test,2193,8528,85.667,high-quality stratified sample adding task/model/length diversity
CASE-0422,diversity,,train-00003-of-00012.jsonl,559,Sage-Bionetworks__challengeutils-247,Sage-Bionetworks__challengeutils,swe-agent-llama-70b,False,submitted,`--admin` check for `validate-project` does not work as expected,39,19,18,10-19,0.947368,387.39,edit|inspect|other|test,1244,4441,86.211,high-quality stratified sample adding task/model/length diversity
CASE-0423,diversity,,train-00003-of-00012.jsonl,5698,epogrebnyak__weo-reader-12,epogrebnyak__weo-reader,swe-agent-llama-70b,False,submitted (exit_context),doesn't work for 2020-October database,79,39,37,20-39,0.948718,419.03,edit|inspect|other|run|test,1528,2486,97.731,high-quality stratified sample adding task/model/length diversity
CASE-0424,diversity,,train-00003-of-00012.jsonl,6295,stummjr__flake8-scrapy-19,stummjr__flake8-scrapy,swe-agent-llama-70b,False,submitted,Failed SCP03 rule check,37,18,17,10-19,0.944444,346.59,edit|inspect|other|test,553,3137,85.569,high-quality stratified sample adding task/model/length diversity
CASE-0425,diversity,,train-00004-of-00012.jsonl,1605,aio-libs__aiosmtpd-309,aio-libs__aiosmtpd,swe-agent-llama-70b,False,submitted (exit_context),aiosmtpd test suite fails on Python 3.10,39,19,18,10-19,0.947368,327.33,edit|inspect|other|test,1351,2557,85.563,high-quality stratified sample adding task/model/length diversity
CASE-0426,diversity,,train-00004-of-00012.jsonl,2075,fitbenchmarking__fitbenchmarking-619,fitbenchmarking__fitbenchmarking,swe-agent-llama-70b,False,submitted,Multiple problem groups error,35,17,16,10-19,0.941176,377.81,edit|inspect|other|test,928,2219,85.118,high-quality stratified sample adding task/model/length diversity
CASE-0427,diversity,,train-00004-of-00012.jsonl,2415,minrk__wurlitzer-83,minrk__wurlitzer,swe-agent-llama-70b,False,submitted,Wurlitzer hangs when the GIL is taken by C code,43,21,17,10-19,0.809524,395.47,edit|inspect|other|run|test,422,3198,85.643,high-quality stratified sample adding task/model/length diversity
CASE-0428,diversity,,train-00004-of-00012.jsonl,2533,onicagroup__runway-1245,onicagroup__runway,swe-agent-llama-70b,False,submitted,"[BUG] runway incorrectly shows parameters to be removed in ""plan""",39,19,18,10-19,0.947368,356.89,edit|inspect|other|test,373,2764,86.211,high-quality stratified sample adding task/model/length diversity
CASE-0429,diversity,,train-00004-of-00012.jsonl,4554,stravalib__stravalib-454,stravalib__stravalib,swe-agent-llama-70b,False,submitted,ENH: Graceful handling of Pydantic validation errors (for unexpected sports type / activity type),35,17,16,10-19,0.941176,457.0,edit|inspect|other|test,727,7549,85.118,high-quality stratified sample adding task/model/length diversity
CASE-0430,diversity,,train-00004-of-00012.jsonl,5011,codingedward__flask-sieve-31,codingedward__flask-sieve,swe-agent-llama-70b,False,submitted,Custom Validation Error format Issue,43,21,19,10-19,0.904762,306.68,edit|inspect|other|run|test,4216,1085,86.834,high-quality stratified sample adding task/model/length diversity
CASE-0431,diversity,,train-00004-of-00012.jsonl,5629,pvlib__pvlib-python-1822,pvlib__pvlib-python,swe-agent-llama-70b,False,submitted,singlediode: newton solver fails with Series input of length one,39,19,17,10-19,0.894737,346.82,edit|inspect|other|run|test,920,6101,86.83,high-quality stratified sample adding task/model/length diversity
CASE-0432,diversity,,train-00004-of-00012.jsonl,6073,stfc__fparser-287,stfc__fparser,swe-agent-llama-70b,False,submitted,fparser.api.parse fails for long comment blocks,35,17,16,10-19,0.941176,328.44,edit|inspect|other|test,1134,6352,84.502,high-quality stratified sample adding task/model/length diversity
CASE-0433,diversity,,train-00004-of-00012.jsonl,612,getsentry__responses-235,getsentry__responses,swe-agent-llama-70b,False,submitted,callback results are not unpacked prior to checking for exception bodies,41,20,19,10-19,0.95,416.89,edit|inspect|other|run|test,998,4713,88.75,high-quality stratified sample adding task/model/length diversity
CASE-0434,diversity,,train-00005-of-00012.jsonl,2018,stopthatcow__zazu-184,stopthatcow__zazu,swe-agent-llama-70b,False,submitted,Fix github SCM to list private repos,41,20,19,10-19,0.95,354.68,edit|inspect|other|test,816,1876,86.75,high-quality stratified sample adding task/model/length diversity
CASE-0435,diversity,,train-00005-of-00012.jsonl,2150,Instagram__LibCST-419,Instagram__LibCST,swe-agent-llama-70b,False,submitted,parse error for comprehensions in f-strings,75,37,36,20-39,0.972973,830.67,edit|inspect|other|run|test,1177,12841,97.595,high-quality stratified sample adding task/model/length diversity
CASE-0436,diversity,,train-00005-of-00012.jsonl,5429,macbre__sql-metadata-387,macbre__sql-metadata,swe-agent-llama-70b,False,submitted,limit_and_offset method bug?,41,20,19,10-19,0.95,307.58,edit|inspect|other|run|test,1524,2031,87.538,high-quality stratified sample adding task/model/length diversity
CASE-0437,diversity,,train-00005-of-00012.jsonl,6532,GazzolaLab__PyElastica-249,GazzolaLab__PyElastica,swe-agent-llama-70b,False,submitted,Possible Bug: Test restart functionality and applying constrains,41,20,19,10-19,0.95,292.74,edit|inspect|other|test,2931,2547,85.114,high-quality stratified sample adding task/model/length diversity
CASE-0438,diversity,,train-00006-of-00012.jsonl,3574,DCC-Lab__RayTracing-192,DCC-Lab__RayTracing,swe-agent-llama-70b,False,submitted,ImagingPath: chiefRay not working with no aperture stop,41,20,19,10-19,0.95,311.84,edit|inspect|other|run|test,1008,2880,87.66,high-quality stratified sample adding task/model/length diversity
CASE-0439,diversity,,train-00006-of-00012.jsonl,3897,coady__multimethod-26,coady__multimethod,swe-agent-llama-70b,False,submitted,TypeError when one of the type hints is type or another metaclass,39,19,18,10-19,0.947368,331.28,edit|inspect|other|run|test,9337,1111,87.676,high-quality stratified sample adding task/model/length diversity
CASE-0440,diversity,,train-00006-of-00012.jsonl,3962,h2non__pook-90,h2non__pook,swe-agent-llama-70b,False,submitted,pook can't handle binary headers,39,19,18,10-19,0.947368,373.44,edit|inspect|other|run|test,1063,2739,88.211,high-quality stratified sample adding task/model/length diversity
CASE-0441,diversity,,train-00006-of-00012.jsonl,4709,python-trio__trio-502,python-trio__trio,swe-agent-llama-70b,False,submitted,trio.Path.iterdir wrapping is broken,35,17,16,10-19,0.941176,327.44,edit|inspect|other|test,1103,3724,84.473,high-quality stratified sample adding task/model/length diversity
CASE-0442,diversity,,train-00006-of-00012.jsonl,615,scalableminds__cluster_tools-93,scalableminds__cluster_tools,swe-agent-llama-70b,False,submitted,"map_to_futures with empty list crashes, should return empty list",41,20,19,10-19,0.95,320.74,edit|inspect|other|test,469,3048,85.914,high-quality stratified sample adding task/model/length diversity
CASE-0443,diversity,,train-00007-of-00012.jsonl,1574,enthought__traits-futures-187,enthought__traits-futures,swe-agent-llama-70b,False,submitted (exit_context),stop method creates message router if it doesn't already exist,37,18,17,10-19,0.944444,409.76,edit|inspect|other|test,2538,4523,85.667,high-quality stratified sample adding task/model/length diversity
CASE-0444,diversity,,train-00007-of-00012.jsonl,1859,iterative__dvc-7501,iterative__dvc,swe-agent-llama-70b,False,submitted (exit_context),pull: Unclear error message when remote support is not installed,81,40,39,20-39,0.975,338.13,edit|inspect|other|run|test,895,4999,98.786,high-quality stratified sample adding task/model/length diversity
CASE-0445,diversity,,train-00007-of-00012.jsonl,2488,pylint-dev__astroid-2309,pylint-dev__astroid,swe-agent-llama-70b,False,submitted,Regression in Astroid version 2.15.7 in handling subscriptable type parameters,35,17,16,10-19,0.941176,356.19,edit|inspect|other|run|test,597,1590,87.118,high-quality stratified sample adding task/model/length diversity
CASE-0446,diversity,,train-00007-of-00012.jsonl,2679,warpnet__salt-lint-196,warpnet__salt-lint,swe-agent-llama-70b,False,submitted,String representing curly braces is incorrectly detected,39,19,18,10-19,0.947368,369.33,edit|inspect|other|test,1370,2548,86.211,high-quality stratified sample adding task/model/length diversity
CASE-0447,diversity,,train-00007-of-00012.jsonl,4697,compomics__psm_utils-61,compomics__psm_utils,swe-agent-llama-70b,False,submitted,Updating metaValues of PeptideHits with numpy objects crashes in idxml writer,39,19,18,10-19,0.947368,549.06,edit|inspect|other|test,877,1878,86.211,high-quality stratified sample adding task/model/length diversity
CASE-0448,diversity,,train-00007-of-00012.jsonl,5864,Backblaze__B2_Command_Line_Tool-488,Backblaze__B2_Command_Line_Tool,swe-agent-llama-70b,False,submitted,b2.api.B2Api.get_bucket_by_name does not work with bucket-scoped application keys,39,19,18,10-19,0.947368,275.06,edit|inspect|other|run|test,446,2061,86.069,high-quality stratified sample adding task/model/length diversity
CASE-0449,diversity,,train-00007-of-00012.jsonl,6283,googleapis__python-spanner-317,googleapis__python-spanner,swe-agent-llama-70b,False,submitted,float value cannot be used to insert data to NUMERIC field.,41,20,19,10-19,0.95,301.74,edit|inspect|other|run|test,1848,2868,87.371,high-quality stratified sample adding task/model/length diversity
CASE-0450,diversity,,train-00007-of-00012.jsonl,680,openlawlibrary__pygls-304,openlawlibrary__pygls,swe-agent-llama-70b,False,submitted (exit_context),position_from_utf16 in workspace.py may return incorrect result.,77,38,37,20-39,0.973684,386.24,edit|inspect|other|run|test,2578,2738,98.105,high-quality stratified sample adding task/model/length diversity
CASE-0451,diversity,,train-00008-of-00012.jsonl,1866,google__importlab-13,google__importlab,swe-agent-llama-70b,False,submitted,Importlab running under Python 3.6 and analyzing Python 2.7 can't find networkx,35,17,16,10-19,0.941176,329.56,edit|inspect|other|run|test,748,3680,86.534,high-quality stratified sample adding task/model/length diversity
CASE-0452,diversity,,train-00008-of-00012.jsonl,2960,repobee__repobee-csvgrades-23,repobee__repobee-csvgrades,swe-agent-llama-70b,False,submitted,Crash multiple issues matching the same grade spec,41,20,19,10-19,0.95,444.32,edit|inspect|other|run|test,16938,2512,88.75,high-quality stratified sample adding task/model/length diversity
CASE-0453,diversity,,train-00008-of-00012.jsonl,5135,gvalkov__tornado-http-auth-8,gvalkov__tornado-http-auth,swe-agent-llama-70b,False,submitted,authenticate_user method raises binascii.Error when provided auth is not base64,79,39,37,20-39,0.948718,387.16,edit|inspect|other|run|test,1168,1858,97.731,high-quality stratified sample adding task/model/length diversity
CASE-0454,diversity,,train-00008-of-00012.jsonl,526,cwacek__python-jsonschema-objects-234,cwacek__python-jsonschema-objects,swe-agent-llama-70b,False,submitted,Invalid resolution of nested `oneOf` for schemas of differing types,35,17,16,10-19,0.941176,386.06,edit|inspect|other|test,3572,3151,85.118,high-quality stratified sample adding task/model/length diversity
CASE-0455,diversity,,train-00009-of-00012.jsonl,1207,imankulov__linguee-api-51,imankulov__linguee-api,swe-agent-llama-70b,False,submitted,"500 error for ""über""",39,19,18,10-19,0.947368,393.5,edit|inspect|other|test,2639,4885,86.211,high-quality stratified sample adding task/model/length diversity
CASE-0456,diversity,,train-00009-of-00012.jsonl,1568,marcosschroh__dataclasses-avroschema-403,marcosschroh__dataclasses-avroschema,swe-agent-llama-70b,False,submitted,field ordering issue causing invalid python models,37,18,17,10-19,0.944444,348.47,edit|inspect|other|run|test,1732,3866,87.623,high-quality stratified sample adding task/model/length diversity
CASE-0457,diversity,,train-00009-of-00012.jsonl,2541,ikamensh__flynt-163,ikamensh__flynt,swe-agent-llama-70b,False,submitted,"Transform concatenation does not work with ""--string""",39,19,18,10-19,0.947368,326.94,edit|inspect|other|test,1646,3663,85.552,high-quality stratified sample adding task/model/length diversity
CASE-0458,diversity,,train-00009-of-00012.jsonl,4086,pynamodb__PynamoDB-1189,pynamodb__PynamoDB,swe-agent-llama-70b,False,submitted,"Setting <UnicodeSetAttribute>.set([]) (empty list) throws ""Nonetype is not iterable"" error.",41,20,19,10-19,0.95,308.79,edit|inspect|other|run|test,998,9444,87.573,high-quality stratified sample adding task/model/length diversity
CASE-0459,diversity,,train-00009-of-00012.jsonl,4581,cookiecutter__cookiecutter-1144,cookiecutter__cookiecutter,swe-agent-llama-70b,False,submitted,Fail with gitolite repository,41,20,19,10-19,0.95,351.53,edit|inspect|test,1300,8081,84.75,high-quality stratified sample adding task/model/length diversity
CASE-0460,diversity,,train-00009-of-00012.jsonl,4659,dandi__dandi-cli-96,dandi__dandi-cli,swe-agent-llama-70b,False,submitted,validate: crashes if file is not read ok,39,19,18,10-19,0.947368,355.83,edit|inspect|other|test,4194,4288,86.211,high-quality stratified sample adding task/model/length diversity
CASE-0461,diversity,,train-00009-of-00012.jsonl,4859,fimion__wheniwork-api-py-3,fimion__wheniwork-api-py,swe-agent-llama-70b,False,submitted,Error handling: make method to throw exceptions,33,16,15,10-19,0.9375,393.13,edit|inspect|other|test,839,2361,84.562,high-quality stratified sample adding task/model/length diversity
CASE-0462,diversity,,train-00009-of-00012.jsonl,4886,grappa-py__grappa-65,grappa-py__grappa,swe-agent-llama-70b,False,submitted,Checking for error/exception messages,39,19,18,10-19,0.947368,299.11,edit|inspect|other|run|test,298,2122,86.757,high-quality stratified sample adding task/model/length diversity
CASE-0463,diversity,,train-00009-of-00012.jsonl,5496,pylint-dev__astroid-1959,pylint-dev__astroid,swe-agent-llama-70b,False,submitted,v2.13.x regression: Crash when inspecting `PyQt5.QtWidgets` due to `RuntimeError` during `hasattr`,41,20,19,10-19,0.95,281.89,edit|inspect|other|run|test,1982,2556,86.804,high-quality stratified sample adding task/model/length diversity
CASE-0464,diversity,,train-00009-of-00012.jsonl,6141,briggySmalls__pyflipdot-5,briggySmalls__pyflipdot,swe-agent-llama-70b,False,submitted,The script cannot support board like 128 * 32,39,19,18,10-19,0.947368,404.0,edit|inspect|other|test,749,2342,86.211,high-quality stratified sample adding task/model/length diversity
CASE-0465,diversity,,train-00009-of-00012.jsonl,718,requests__requests-oauthlib-279,requests__requests-oauthlib,swe-agent-llama-70b,False,submitted,OAuth2Session doesn't use token if netrc is present,41,20,19,10-19,0.95,322.21,edit|inspect|other|test,1055,3681,85.956,high-quality stratified sample adding task/model/length diversity
CASE-0466,diversity,,train-00010-of-00012.jsonl,1875,spyder-ide__pyls-spyder-21,spyder-ide__pyls-spyder,swe-agent-llama-70b,False,submitted,Fix code blocks regular expression,45,22,19,10-19,0.863636,329.16,edit|inspect|other|test,742,1942,84.859,high-quality stratified sample adding task/model/length diversity
CASE-0467,diversity,,train-00010-of-00012.jsonl,2619,linw1995__data_extractor-22,linw1995__data_extractor,swe-agent-llama-70b,False,submitted,Can't locate SytanxError.text from source code.,35,17,16,10-19,0.941176,264.88,edit|inspect|other|run|test,893,5981,84.686,high-quality stratified sample adding task/model/length diversity
CASE-0468,diversity,,train-00010-of-00012.jsonl,2805,plotly__dash-796,plotly__dash,swe-agent-llama-70b,False,submitted,[BUG] Auto-generated docstrings contain JS boolean values instead of Python boolean values,39,19,18,10-19,0.947368,439.11,edit|inspect|other|test,1115,11566,86.211,high-quality stratified sample adding task/model/length diversity
CASE-0469,diversity,,train-00010-of-00012.jsonl,2816,pybel__pybel-460,pybel__pybel,swe-agent-llama-70b,False,submitted,Can't parse official ec-code keyword,77,38,37,20-39,0.973684,429.14,edit|inspect|other|run|test,1098,5107,98.105,high-quality stratified sample adding task/model/length diversity
CASE-0470,diversity,,train-00010-of-00012.jsonl,3831,inducer__pycparserext-46,inducer__pycparserext,swe-agent-llama-70b,False,submitted,"Cannot traverse nodes using NodeVisitor, FuncDeclExt is not iterable",41,20,19,10-19,0.95,332.84,edit|inspect|other|test,934,3174,86.26,high-quality stratified sample adding task/model/length diversity
CASE-0471,diversity,,train-00010-of-00012.jsonl,4088,mkorpela__overrides-59,mkorpela__overrides,swe-agent-llama-70b,False,submitted,Signature validation fails when __future__.annotations is imported,35,17,16,10-19,0.941176,339.12,edit|inspect|other|run|test,7321,2465,86.807,high-quality stratified sample adding task/model/length diversity
CASE-0472,diversity,,train-00010-of-00012.jsonl,4615,stfc__PSyclone-1165,stfc__PSyclone,swe-agent-llama-70b,False,submitted (exit_context),[psyir] Assignment.is_array_range does not work for Structures,81,40,39,20-39,0.975,355.74,edit|inspect|other|test,3012,3926,97.125,high-quality stratified sample adding task/model/length diversity
CASE-0473,diversity,,train-00011-of-00012.jsonl,2732,invenia__TagBotGitLab-24,invenia__TagBotGitLab,swe-agent-llama-70b,False,submitted (exit_context),Auto-merge does not work sometimes,81,40,39,20-39,0.975,495.36,edit|inspect|other|test,1508,1978,97.125,high-quality stratified sample adding task/model/length diversity
CASE-0474,diversity,,train-00011-of-00012.jsonl,39,pypa__wheel-514,pypa__wheel,swe-agent-llama-70b,False,submitted,wheel unpack doesn't preserve permissions,85,42,38,20-39,0.904762,344.63,edit|inspect|other|run|test,3907,2285,97.418,high-quality stratified sample adding task/model/length diversity
CASE-0475,diversity,,train-00011-of-00012.jsonl,3991,django__asgiref-325,django__asgiref,swe-agent-llama-70b,False,submitted (exit_context),"`sync.async_to_sync` incorrectly warns ""a non-async-marked callable"" for async callable class instance",79,39,38,20-39,0.974359,342.34,edit|inspect|other|run|test,3423,4005,98.397,high-quality stratified sample adding task/model/length diversity
CASE-0476,diversity,,train-00000-of-00012.jsonl,5479,fabiocaccamo__python-codicefiscale-24,fabiocaccamo__python-codicefiscale,swe-agent-llama-8b,False,submitted (exit_context),Unactive municipalities cannot be retrieved,95,47,38,20-39,0.808511,361.58,edit|inspect|test,1316,2403,92.128,high-quality stratified sample adding task/model/length diversity
CASE-0477,diversity,,train-00000-of-00012.jsonl,835,omni-us__jsonargparse-176,omni-us__jsonargparse,swe-agent-llama-8b,False,submitted,Cannot override Callable init_args without passing the class_path,69,34,33,20-39,0.970588,307.24,edit|inspect|other|run|test,987,9086,94.837,high-quality stratified sample adding task/model/length diversity
CASE-0478,diversity,,train-00001-of-00012.jsonl,3552,googleapis__google-resumable-media-python-343,googleapis__google-resumable-media-python,swe-agent-llama-8b,False,submitted (exit_context),"After retry limit reached, ResumableUpload.transmit_next_chunk propagates exception with invalid==False",63,31,30,20-39,0.967742,470.17,edit|inspect|other|test,1733,9781,92.516,high-quality stratified sample adding task/model/length diversity
CASE-0479,diversity,,train-00001-of-00012.jsonl,3698,lbl-srg__BuildingsPy-383,lbl-srg__BuildingsPy,swe-agent-llama-8b,False,submitted (exit_context),Bug in development.refactor.move_class when updating class path,77,38,37,20-39,0.973684,280.54,edit|inspect|other|test,5325,2942,94.121,high-quality stratified sample adding task/model/length diversity
CASE-0480,diversity,,train-00001-of-00012.jsonl,5221,pythonprofilers__memory_profiler-280,pythonprofilers__memory_profiler,swe-agent-llama-8b,False,submitted (exit_context),The first example in readme not working correctly,65,32,30,20-39,0.9375,585.17,edit|inspect|other|run|test,1065,2048,94.062,high-quality stratified sample adding task/model/length diversity
CASE-0481,diversity,,train-00001-of-00012.jsonl,902,mantidproject__mslice-848,mantidproject__mslice,swe-agent-llama-8b,False,submitted (exit_context),MSlice crashes upon opening plot options for a non-supported colour,81,40,39,20-39,0.975,266.0,edit|inspect|other|test,1838,2562,94.725,high-quality stratified sample adding task/model/length diversity
CASE-0482,diversity,,train-00002-of-00012.jsonl,6168,airspeed-velocity__asv-680,airspeed-velocity__asv,swe-agent-llama-8b,False,submitted (exit_context),JSON serialization problem,81,40,39,20-39,0.975,513.9,edit|inspect|other|run,410,3678,93.125,high-quality stratified sample adding task/model/length diversity
CASE-0483,diversity,,train-00003-of-00012.jsonl,2660,scrapinghub__price-parser-43,scrapinghub__price-parser,swe-agent-llama-8b,False,submitted (exit_context),Bug non break space.,67,33,32,20-39,0.969697,364.59,edit|inspect|other|test,4635,2313,93.545,high-quality stratified sample adding task/model/length diversity
CASE-0484,diversity,,train-00003-of-00012.jsonl,2939,M3t0r__tpl-12,M3t0r__tpl,swe-agent-llama-8b,False,submitted (exit_context),Fix trailing newline issue,67,33,32,20-39,0.969697,325.81,edit|inspect|other|test,5316,3698,92.854,high-quality stratified sample adding task/model/length diversity
CASE-0485,diversity,,train-00003-of-00012.jsonl,4289,awdeorio__mailmerge-60,awdeorio__mailmerge,swe-agent-llama-8b,False,submitted,Doesn't use charset=utf-8 when using markdown,75,37,36,20-39,0.972973,329.14,edit|inspect|other|test,603,2253,94.999,high-quality stratified sample adding task/model/length diversity
CASE-0486,diversity,,train-00003-of-00012.jsonl,5018,protolambda__remerkleable-21,protolambda__remerkleable,swe-agent-llama-8b,False,submitted,Error when computing `__len__` generalized index on `List` type,63,31,30,20-39,0.967742,274.47,edit|inspect|other|run|test,1071,3215,92.358,high-quality stratified sample adding task/model/length diversity
CASE-0487,diversity,,train-00004-of-00012.jsonl,1152,postlund__pyatv-944,postlund__pyatv,swe-agent-llama-8b,False,submitted (exit_context),Wrong state reported for MRP,81,40,39,20-39,0.975,258.72,edit|inspect|test,6334,4099,92.517,high-quality stratified sample adding task/model/length diversity
CASE-0488,diversity,,train-00005-of-00012.jsonl,6515,CleanCut__green-124,CleanCut__green,swe-agent-llama-8b,False,submitted (exit_context),Return a fail if no tests are found.,81,40,39,20-39,0.975,287.54,edit|inspect|other|test,3178,7120,95.34,high-quality stratified sample adding task/model/length diversity
CASE-0489,diversity,,train-00006-of-00012.jsonl,2426,devsnd__tinytag-171,devsnd__tinytag,swe-agent-llama-8b,False,submitted,"Fail to read track_total, but it is ok in foobar",69,34,32,20-39,0.941176,359.34,edit|inspect|other|run|test,1789,12024,95.118,high-quality stratified sample adding task/model/length diversity
CASE-0490,diversity,,train-00007-of-00012.jsonl,4934,fsspec__filesystem_spec-1202,fsspec__filesystem_spec,swe-agent-llama-8b,False,submitted (exit_context),bug: FSMap on_error option does not work with simplecache,69,34,32,20-39,0.941176,354.69,edit|inspect|run|test,1954,6629,93.118,high-quality stratified sample adding task/model/length diversity
CASE-0491,diversity,,train-00008-of-00012.jsonl,2496,macbre__sql-metadata-127,macbre__sql-metadata,swe-agent-llama-8b,False,submitted (exit_context),sql_metadata.get_query_columns  result error,81,40,37,20-39,0.925,277.3,edit|inspect|other|test,3892,2309,93.298,high-quality stratified sample adding task/model/length diversity
CASE-0492,diversity,,train-00008-of-00012.jsonl,3924,lundberg__respx-206,lundberg__respx,swe-agent-llama-8b,False,submitted,Cannot create a lookup to match empty params,77,38,36,20-39,0.947368,388.53,edit|inspect|other|test,680,13155,95.211,high-quality stratified sample adding task/model/length diversity
CASE-0493,diversity,,train-00008-of-00012.jsonl,985,mie-lab__trackintel-311,mie-lab__trackintel,swe-agent-llama-8b,False,submitted (exit_context),trips with geometries cause error in id assignment,73,36,35,20-39,0.972222,443.26,edit|inspect|other|test,1786,9644,95.083,high-quality stratified sample adding task/model/length diversity
CASE-0494,diversity,,train-00009-of-00012.jsonl,3430,google__latexify_py-182,google__latexify_py,swe-agent-llama-8b,False,submitted (exit_context),Wrong behavior around multiplication,77,38,37,20-39,0.973684,228.51,edit|inspect|other|test,3728,4183,92.634,high-quality stratified sample adding task/model/length diversity
CASE-0495,diversity,,train-00009-of-00012.jsonl,4905,hynek__structlog-478,hynek__structlog,swe-agent-llama-8b,False,submitted (exit_context),Interpolation raises an error for filtered out logs,73,36,35,20-39,0.972222,383.06,edit|inspect|other|run|test,3296,4412,97.083,high-quality stratified sample adding task/model/length diversity
CASE-0496,diversity,,train-00009-of-00012.jsonl,5073,jupyter__nbformat-198,jupyter__nbformat,swe-agent-llama-8b,False,submitted (exit_context),"When using fastjsonschema, nbformat.v4.new_code_cell throws error",77,38,37,20-39,0.973684,609.54,edit|inspect|other|run,242,3799,92.105,high-quality stratified sample adding task/model/length diversity
CASE-0497,diversity,,train-00010-of-00012.jsonl,3658,duo-labs__parliament-177,duo-labs__parliament,swe-agent-llama-8b,False,submitted (exit_context),parliament should catch invalid s3 bucket object resource arns,73,36,35,20-39,0.972222,364.51,edit|inspect|other|test,1988,2727,95.083,high-quality stratified sample adding task/model/length diversity
CASE-0498,diversity,,train-00010-of-00012.jsonl,3820,inducer__pycparserext-46,inducer__pycparserext,swe-agent-llama-8b,False,submitted (exit_context),"Cannot traverse nodes using NodeVisitor, FuncDeclExt is not iterable",75,37,36,20-39,0.972973,298.42,edit|inspect|other|test,1650,3152,94.121,high-quality stratified sample adding task/model/length diversity
CASE-0499,diversity,,train-00010-of-00012.jsonl,4608,reframe-hpc__reframe-3070,reframe-hpc__reframe,swe-agent-llama-8b,False,submitted,Passing an invalid mode should issue an error not a warning,81,40,39,20-39,0.975,240.33,edit|inspect|other|test,890,7573,93.992,high-quality stratified sample adding task/model/length diversity
CASE-0500,diversity,,train-00011-of-00012.jsonl,4440,openmrslab__suspect-40,openmrslab__suspect,swe-agent-llama-8b,False,submitted (exit_context),Spline denoising fails on numpy 1.12,77,38,36,20-39,0.947368,391.53,edit|inspect|test,4780,2395,93.211,high-quality stratified sample adding task/model/length diversity
